Date,Change,Close_1,Open_1,High_1,Low_1,Vol_1,Change_1
11/15/2021,-1.35,4625.59,4644.40,4692.76,4514.95,340960.00,-0.41
11/14/2021,-0.41,4644.61,4665.76,4705.02,4585.37,290270.00,-0.49
11/13/2021,-0.49,4667.31,4720.50,4807.16,4511.96,634590.00,-1.13
11/12/2021,-1.13,4720.87,4633.98,4778.17,4578.66,418610.00,1.87
11/11/2021,1.87,4634.03,4731.83,4864.06,4498.78,761900.00,-2.07
11/10/2021,-2.07,4731.83,4808.34,4836.69,4715.43,437410.00,-1.59
11/9/2021,-1.59,4808.38,4612.05,4822.97,4612.05,673210.00,4.26
11/8/2021,4.26,4612.06,4517.27,4634.39,4502.70,337810.00,2.10
11/7/2021,2.10,4517.36,4475.00,4526.75,4330.29,442600.00,0.95
11/6/2021,0.95,4475.00,4534.96,4569.31,4439.67,409750.00,-1.33
11/5/2021,-1.33,4535.11,4601.93,4604.83,4421.87,495860.00,-1.46
11/4/2021,-1.46,4602.21,4586.96,4661.88,4458.87,634680.00,0.35
11/3/2021,0.35,4586.06,4320.85,4598.38,4287.36,630260.00,6.14
11/2/2021,6.14,4320.85,4287.41,4376.94,4157.51,574260.00,0.78
11/1/2021,0.78,4287.56,4322.00,4393.61,4169.48,555320.00,-0.77
10/31/2021,-0.77,4320.65,4413.70,4428.41,4250.24,494870.00,-2.11
10/30/2021,-2.11,4413.70,4284.90,4458.30,4268.21,781570.00,3.01
10/29/2021,3.01,4284.90,3921.54,4289.80,3896.33,865800.00,9.25
10/28/2021,9.25,3921.93,4130.06,4299.61,3914.06,1070000.00,-5.03
10/27/2021,-5.03,4129.51,4219.92,4291.98,4098.19,559290.00,-2.14
10/26/2021,-2.14,4219.92,4082.68,4234.76,4069.94,481410.00,3.36
10/25/2021,3.36,4082.80,4168.80,4184.00,3965.84,507630.00,-2.06
10/24/2021,-2.06,4168.85,3970.94,4169.33,3938.79,487030.00,4.98
10/23/2021,4.98,3970.94,4053.89,4164.11,3896.40,654770.00,-2.05
10/22/2021,-2.05,4054.16,4160.51,4366.91,4029.48,1140000.00,-2.54
10/21/2021,-2.54,4159.89,3876.76,4168.12,3830.26,752030.00,7.30
10/20/2021,7.30,3876.78,3745.46,3884.34,3733.78,488600.00,3.45
10/19/2021,3.45,3747.60,3848.64,3892.01,3685.82,578210.00,-2.55
10/18/2021,-2.55,3845.47,3827.55,3917.56,3664.63,543520.00,0.47
10/17/2021,0.47,3827.55,3869.05,3967.43,3804.55,527610.00,-1.02
10/16/2021,-1.02,3866.90,3790.34,3904.91,3735.21,721140.00,2.02
10/15/2021,2.02,3790.41,3607.36,3820.47,3588.24,697090.00,5.08
10/14/2021,5.08,3607.28,3491.08,3612.04,3416.00,557180.00,3.36
10/13/2021,3.36,3489.90,3541.49,3545.35,3404.49,609890.00,-1.56
10/12/2021,-1.56,3545.06,3414.93,3622.53,3381.43,683240.00,3.81
10/11/2021,3.81,3415.03,3574.52,3599.18,3409.22,767490.00,-4.45
10/10/2021,-4.45,3574.20,3559.96,3626.11,3541.40,464110.00,0.42
10/9/2021,0.42,3559.42,3586.91,3668.35,3537.24,681740.00,-0.74
10/8/2021,-0.74,3586.00,3575.43,3650.18,3473.47,826290.00,0.30
10/7/2021,0.30,3575.41,3515.35,3627.19,3345.56,1050000.00,1.65
10/6/2021,1.65,3517.26,3383.32,3540.83,3365.28,663880.00,3.97
10/5/2021,3.97,3382.90,3417.26,3436.34,3273.22,826830.00,-1.01
10/4/2021,-1.01,3417.34,3388.83,3485.48,3346.63,642590.00,0.84
10/3/2021,0.84,3388.97,3309.14,3467.95,3265.97,778150.00,2.41
10/2/2021,2.41,3309.13,2999.86,3329.32,2972.75,1140000.00,10.28
10/1/2021,10.28,3000.59,2851.06,3047.08,2837.68,968230.00,5.23
9/30/2021,5.23,2851.50,2807.15,2948.50,2784.66,728860.00,1.58
9/29/2021,1.58,2807.28,2926.04,2969.18,2791.42,896280.00,-4.07
9/28/2021,-4.07,2926.24,3061.86,3163.86,2926.24,865300.00,-4.48
9/27/2021,-4.48,3063.51,2922.47,3113.65,2740.12,1330000.00,4.82
9/26/2021,4.82,2922.55,2928.59,2965.48,2812.70,975490.00,-0.21
9/25/2021,-0.21,2928.57,3152.92,3158.38,2740.06,1740000.00,-7.12
9/24/2021,-7.12,3152.92,3077.80,3173.00,3035.96,841540.00,2.44
9/23/2021,2.44,3077.78,2764.71,3087.97,2740.58,1190000.00,11.45
9/22/2021,11.45,2761.52,2976.70,3101.88,2659.71,1790000.00,-7.21
9/21/2021,-7.21,2976.05,3328.49,3344.04,2931.64,1720000.00,-10.61
9/20/2021,-10.61,3329.12,3435.92,3455.67,3282.85,614000.00,-3.11
9/19/2021,-3.11,3435.97,3398.55,3539.50,3371.33,600190.00,1.10
9/18/2021,1.10,3398.65,3569.92,3592.20,3352.32,748100.00,-4.78
9/17/2021,-4.78,3569.43,3612.23,3672.68,3488.53,195790.00,-1.18
9/16/2021,-1.18,3611.90,3430.36,3612.29,3361.63,790270.00,5.34
9/15/2021,5.34,3428.87,3284.65,3428.87,3270.91,720340.00,4.39
9/14/2021,4.39,3284.52,3408.17,3429.24,3118.66,1340000.00,-3.63
9/13/2021,-3.63,3408.28,3267.33,3469.50,3231.87,805970.00,4.31
9/12/2021,4.31,3267.33,3209.37,3345.37,3202.41,732950.00,1.87
9/11/2021,1.87,3207.27,3423.87,3512.90,3156.28,1210000.00,-6.32
9/10/2021,-6.32,3423.51,3498.92,3564.30,3395.94,1090000.00,-2.05
9/9/2021,-2.05,3495.10,3424.35,3557.67,3221.60,780680.00,2.10
9/8/2021,2.10,3423.12,3926.84,3945.79,3061.30,2470000.00,-12.84
9/7/2021,-12.84,3927.21,3950.20,3968.20,3867.55,764560.00,-0.59
9/6/2021,-0.59,3950.62,3885.40,3981.22,3834.74,714160.00,1.69
9/5/2021,1.69,3884.97,3938.45,3968.33,3844.07,672530.00,-1.30
9/4/2021,-1.30,3936.29,3785.85,4024.89,3715.97,1200000.00,3.96
9/3/2021,3.96,3786.19,3826.90,3833.89,3723.42,928700.00,-1.21
9/2/2021,-1.21,3832.73,3429.65,3839.91,3384.82,1480000.00,11.72
9/1/2021,11.72,3430.74,3228.23,3467.42,3191.34,1520000.00,6.36
8/31/2021,6.36,3225.67,3222.43,3345.72,3145.53,966580.00,0.11
8/30/2021,0.11,3222.16,3243.96,3282.21,3155.31,643730.00,-0.67
8/29/2021,-0.67,3243.90,3273.78,3284.58,3212.24,466210.00,-0.91
8/28/2021,-0.91,3273.58,3093.78,3279.93,3063.37,839540.00,5.82
8/27/2021,5.82,3093.54,3228.03,3249.62,3057.48,118440.00,-4.17
8/26/2021,-4.17,3228.15,3172.12,3247.43,3080.70,923130.00,1.73
8/25/2021,1.73,3173.26,3322.60,3357.99,3150.75,988820.00,-4.41
8/24/2021,-4.41,3319.49,3238.41,3375.42,3231.96,1090000.00,2.49
8/23/2021,2.49,3238.70,3224.17,3271.94,3128.98,747650.00,0.46
8/22/2021,0.46,3223.96,3285.12,3307.33,3200.19,768740.00,-1.83
8/21/2021,-1.83,3284.21,3184.83,3300.36,3179.18,739320.00,3.12
8/20/2021,3.12,3184.82,3016.92,3185.51,2962.04,844130.00,5.57
8/19/2021,5.57,3016.91,3012.62,3124.51,2951.04,750740.00,0.08
8/18/2021,0.08,3014.58,3147.67,3290.03,2993.63,1060000.00,-4.23
8/17/2021,-4.23,3147.65,3307.96,3334.22,3138.37,859090.00,-4.87
8/16/2021,-4.87,3308.87,3264.56,3318.61,3115.34,782810.00,1.35
8/15/2021,1.35,3264.69,3322.25,3328.38,3209.45,658600.00,-1.74
8/14/2021,-1.74,3322.43,3043.20,3324.53,3035.52,795540.00,9.16
8/13/2021,9.16,3043.61,3160.17,3236.28,2981.35,965630.00,-3.79
8/12/2021,-3.79,3163.66,3140.86,3269.70,3122.67,950120.00,0.73
8/11/2021,0.73,3140.71,3162.81,3232.02,3057.84,1120000.00,-0.70
8/10/2021,-0.70,3162.93,3011.88,3184.84,2899.24,1440000.00,5.01
8/9/2021,5.01,3012.07,3158.30,3188.49,2949.66,1250000.00,-4.62
8/8/2021,-4.62,3158.00,2889.58,3169.74,2867.58,64840.00,9.29
8/7/2021,9.29,2889.43,2827.23,2946.62,2726.04,1060000.00,2.20
8/6/2021,2.20,2827.21,2725.28,2842.95,2533.51,1650000.00,3.74
8/5/2021,3.74,2725.29,2506.50,2766.46,2462.32,1230000.00,8.72
8/4/2021,8.72,2506.65,2608.01,2631.43,2445.49,158450.00,-3.89
8/3/2021,-3.89,2608.04,2556.07,2664.73,2513.51,970670.00,2.03
8/2/2021,2.03,2556.23,2530.94,2696.38,2515.26,1200000.00,0.95
8/1/2021,0.95,2532.19,2461.08,2551.68,2421.70,507080.00,2.89
7/31/2021,2.89,2460.95,2380.59,2467.40,2320.80,1030000.00,3.36
7/30/2021,3.36,2380.93,2299.46,2397.71,2269.15,642750.00,3.56
7/29/2021,3.56,2299.11,2300.21,2343.49,2246.23,968940.00,-0.05
7/28/2021,-0.05,2300.22,2230.24,2318.68,2152.92,1250000.00,3.17
7/27/2021,3.17,2229.53,2189.74,2430.01,2174.44,1890000.00,1.81
7/26/2021,1.81,2189.79,2166.98,2195.03,2108.74,786940.00,1.76
7/25/2021,1.76,2151.85,2124.00,2162.29,2106.71,907110.00,1.33
7/24/2021,1.33,2123.61,2024.51,2129.66,2000.27,961670.00,4.89
7/23/2021,4.89,2024.58,1994.61,2043.26,1952.31,1020000.00,1.51
7/22/2021,1.51,1994.49,1786.18,2029.51,1758.64,1510000.00,11.67
7/21/2021,11.67,1786.07,1818.07,1840.36,1720.70,1200000.00,-1.76
7/20/2021,-1.76,1818.07,1891.43,1915.15,1807.19,802780.00,-3.93
7/19/2021,-3.93,1892.42,1898.01,1988.24,1881.60,829770.00,-0.29
7/18/2021,-0.29,1897.98,1877.00,1917.80,1851.97,623520.00,1.05
7/17/2021,1.05,1878.20,1917.21,1960.21,1852.42,619620.00,-2.03
7/16/2021,-2.03,1917.21,1994.73,2038.91,1884.81,645060.00,-3.88
7/15/2021,-3.88,1994.64,1940.48,2017.99,1868.45,1050000.00,2.78
7/14/2021,2.78,1940.72,2035.09,2042.61,1920.62,717850.00,-4.64
7/13/2021,-4.64,2035.09,2139.44,2167.60,2008.66,540100.00,-4.87
7/12/2021,-4.87,2139.35,2110.90,2173.34,2081.62,724840.00,1.34
7/11/2021,1.34,2111.12,2146.15,2191.30,2078.43,929320.00,-1.62
7/10/2021,-1.62,2145.89,2120.05,2185.62,2066.09,1420000.00,1.21
7/9/2021,1.21,2120.22,2316.21,2322.47,2095.92,1820000.00,-8.48
7/8/2021,-8.48,2316.57,2322.74,2402.68,2296.43,1320000.00,-0.26
7/7/2021,-0.26,2322.72,2196.25,2347.47,2194.20,1780000.00,5.76
7/6/2021,5.76,2196.16,2322.60,2322.60,2163.09,822950.00,-5.47
7/5/2021,-5.47,2323.22,2224.70,2386.20,2222.95,1390000.00,4.43
7/4/2021,4.43,2224.70,2154.53,2236.97,2115.80,1280000.00,3.24
7/3/2021,3.24,2154.78,2108.58,2158.70,2019.75,1390000.00,2.17
7/2/2021,2.17,2109.11,2274.50,2274.63,2077.56,1710000.00,-7.24
7/1/2021,-7.24,2273.84,2158.32,2281.55,2090.61,1900000.00,5.33
6/30/2021,5.33,2158.71,2083.48,2241.86,2076.17,898060.00,3.63
6/29/2021,3.63,2083.09,1981.24,2142.84,1962.89,2190000.00,5.21
6/28/2021,5.21,1979.88,1830.42,1980.70,1808.59,1870000.00,8.15
6/27/2021,8.15,1830.62,1810.53,1850.40,1719.32,1990000.00,1.11
6/26/2021,1.11,1810.57,1989.77,2017.47,1793.47,1650000.00,-8.98
6/25/2021,-8.98,1989.14,1968.76,2033.96,1886.74,1640000.00,1.05
6/24/2021,1.05,1968.39,1877.28,2043.10,1823.57,1770000.00,4.89
6/23/2021,4.89,1876.66,1890.95,1994.32,1707.24,2840000.00,-0.77
6/22/2021,-0.77,1891.18,2244.25,2257.86,1868.32,2690000.00,-15.72
6/21/2021,-15.72,2243.86,2166.30,2276.83,2045.03,1420000.00,3.55
6/20/2021,3.55,2166.91,2229.53,2276.70,2164.14,1080000.00,-2.81
6/19/2021,-2.81,2229.53,2372.10,2376.62,2142.74,778790.00,-5.99
6/18/2021,-5.99,2371.62,2367.78,2459.11,2309.08,1060000.00,0.18
6/17/2021,0.18,2367.28,2544.35,2552.12,2353.24,1370000.00,-6.94
6/16/2021,-6.94,2543.83,2581.42,2637.90,2512.39,1950000.00,-1.46
6/15/2021,-1.46,2581.48,2508.49,2606.91,2467.61,1790000.00,2.92
6/14/2021,2.92,2508.27,2368.68,2547.90,2311.96,1620000.00,5.90
6/13/2021,5.90,2368.47,2351.45,2448.04,2260.80,1800000.00,0.72
6/12/2021,0.72,2351.45,2470.04,2493.48,2324.21,587180.00,-4.80
6/11/2021,-4.80,2469.97,2607.45,2615.46,2432.41,1290000.00,-5.23
6/10/2021,-5.23,2606.23,2507.86,2620.74,2408.37,2320000.00,3.81
6/9/2021,3.81,2510.65,2592.12,2618.70,2320.64,75180.00,-3.16
6/8/2021,-3.16,2592.63,2713.52,2842.88,2581.24,3010000.00,-4.46
6/7/2021,-4.46,2713.66,2628.43,2743.53,2614.48,756360.00,3.22
6/6/2021,3.22,2628.98,2688.75,2814.02,2555.98,2550000.00,-2.14
6/5/2021,-2.14,2686.50,2856.63,2856.63,2557.71,2470000.00,-5.85
6/4/2021,-5.85,2853.35,2705.05,2889.19,2666.39,1090000.00,5.44
6/3/2021,5.44,2706.10,2633.74,2801.00,2554.88,2600000.00,2.75
6/2/2021,2.75,2633.67,2707.94,2738.23,2529.73,2450000.00,-2.76
6/1/2021,-2.76,2708.47,2386.93,2713.98,2279.42,2830000.00,13.51
5/31/2021,13.51,2386.10,2276.97,2465.84,2181.93,2800000.00,4.83
5/30/2021,4.83,2276.07,2411.68,2567.42,2207.21,2940000.00,-5.73
5/29/2021,-5.73,2414.29,2742.39,2760.17,2332.43,3260000.00,-11.75
5/28/2021,-11.75,2735.88,2885.02,2885.87,2638.62,2390000.00,-5.16
5/27/2021,-5.16,2884.66,2705.69,2908.37,2648.10,2660000.00,6.64
5/26/2021,6.64,2705.09,2647.27,2747.49,2388.81,3280000.00,2.20
5/25/2021,2.20,2646.79,2101.30,2667.20,2080.87,3240000.00,25.96
5/24/2021,25.96,2101.34,2292.68,2379.89,1739.91,3520000.00,-8.30
5/23/2021,-8.30,2291.60,2433.09,2481.06,2162.84,2820000.00,-5.82
5/22/2021,-5.82,2433.11,2766.88,2931.66,2111.42,4230000.00,-12.40
5/21/2021,-12.40,2777.55,2436.59,2988.52,2163.40,4330000.00,14.04
5/20/2021,14.04,2435.69,3376.22,3434.01,1922.25,6420000.00,-27.89
5/19/2021,-27.89,3377.55,3280.50,3558.57,3244.93,2300000.00,2.98
5/18/2021,2.98,3279.68,3582.19,3582.27,3130.12,2850000.00,-8.44
5/17/2021,-8.44,3582.12,3643.67,3877.20,3351.92,2280000.00,-1.63
5/16/2021,-1.63,3641.65,4074.57,4129.99,3639.12,1940000.00,-10.64
5/15/2021,-10.64,4075.38,3719.46,4171.76,3694.54,2060000.00,9.56
5/14/2021,9.56,3719.62,3807.50,4031.99,3539.96,3210000.00,-2.42
5/13/2021,-2.42,3811.77,4173.61,4366.10,3794.15,2780000.00,-8.54
5/12/2021,-8.54,4167.78,3948.66,4177.53,3781.86,1270000.00,5.57
5/11/2021,5.57,3947.90,3923.48,4203.98,3669.84,2700000.00,0.65
5/10/2021,0.65,3922.23,3905.69,3979.77,3734.44,1940000.00,0.43
5/9/2021,0.43,3905.55,3479.81,3952.88,3453.37,1340000.00,12.19
5/8/2021,12.19,3481.22,3490.83,3583.34,3363.56,1350000.00,-0.24
5/7/2021,-0.24,3489.52,3522.74,3601.59,3380.60,1510000.00,-0.94
5/6/2021,-0.94,3522.76,3284.31,3540.78,3228.86,1870000.00,7.18
5/5/2021,7.18,3286.71,3429.48,3516.34,3188.90,2740000.00,-4.16
5/4/2021,-4.16,3429.37,2950.07,3451.44,2950.07,2320000.00,16.24
5/3/2021,16.24,2950.33,2945.04,2984.52,2854.12,1300000.00,0.19
5/2/2021,0.19,2944.66,2772.27,2951.74,2753.60,1510000.00,6.20
5/1/2021,6.20,2772.78,2757.02,2797.61,2726.03,1520000.00,0.56
4/30/2021,0.56,2757.36,2746.51,2797.52,2670.35,1650000.00,0.39
4/29/2021,0.39,2746.54,2665.83,2759.03,2562.74,1740000.00,3.05
4/28/2021,3.05,2665.24,2531.07,2677.95,2484.44,1450000.00,5.22
4/27/2021,5.22,2533.12,2320.63,2539.80,2305.97,1790000.00,9.35
4/26/2021,9.35,2316.48,2217.23,2355.20,2169.91,1020000.00,4.54
4/25/2021,4.54,2215.93,2367.35,2367.46,2159.60,1610000.00,-6.39
4/24/2021,-6.39,2367.31,2398.95,2440.21,2119.26,3460000.00,-1.41
4/23/2021,-1.41,2401.10,2360.32,2642.99,2313.46,3170000.00,1.71
4/22/2021,1.71,2360.81,2331.84,2467.51,2238.15,2100000.00,1.23
4/21/2021,1.23,2332.14,2161.06,2345.18,2058.00,1860000.00,7.94
4/20/2021,7.94,2160.63,2236.10,2275.87,2081.30,1900000.00,-3.42
4/19/2021,-3.42,2237.17,2317.88,2338.53,1948.93,2760000.00,-3.50
4/18/2021,-3.50,2318.33,2424.12,2493.93,2314.12,1730000.00,-4.33
4/17/2021,-4.33,2423.18,2514.55,2544.54,2302.30,2080000.00,-3.62
4/16/2021,-3.62,2514.22,2432.90,2541.90,2402.75,1910000.00,3.40
4/15/2021,3.40,2431.56,2299.25,2445.40,2281.49,2110000.00,5.72
4/14/2021,5.72,2299.93,2137.55,2315.47,2136.49,2380000.00,7.58
4/13/2021,7.58,2137.81,2150.79,2199.52,2103.73,2160000.00,-0.63
4/12/2021,-0.63,2151.42,2133.89,2164.76,2114.55,1970000.00,0.83
4/11/2021,0.83,2133.79,2067.26,2197.73,2058.23,2090000.00,3.23
4/10/2021,3.23,2066.93,2080.20,2101.07,2050.39,2470000.00,-0.62
4/9/2021,-0.62,2079.92,1962.44,2084.08,1951.83,1730000.00,6.04
4/8/2021,6.04,1961.46,2112.41,2128.25,1939.64,2300000.00,-7.11
4/7/2021,-7.11,2111.53,2108.81,2150.78,2047.48,1930000.00,0.24
4/6/2021,0.24,2106.41,2076.14,2127.89,2004.05,2310000.00,1.47
4/5/2021,1.47,2075.94,2007.82,2091.31,1982.00,1590000.00,3.35
4/4/2021,3.35,2008.59,2134.66,2137.68,2004.40,2010000.00,-5.90
4/3/2021,-5.90,2134.55,1968.12,2144.11,1949.99,2470000.00,8.47
4/2/2021,8.47,1967.96,1918.82,1983.84,1897.38,2080000.00,2.61
4/1/2021,2.61,1917.99,1841.01,1945.40,1774.66,2590000.00,4.18
3/31/2021,4.18,1841.01,1816.92,1857.65,1788.60,3030000.00,1.34
3/30/2021,1.34,1816.69,1686.88,1839.41,1678.38,1940000.00,7.70
3/29/2021,7.70,1686.80,1712.89,1724.74,1661.92,1310000.00,-1.53
3/28/2021,-1.53,1713.01,1698.68,1731.73,1667.12,1400000.00,0.85
3/27/2021,0.85,1698.60,1586.36,1699.27,1586.28,1640000.00,7.06
3/26/2021,7.06,1586.54,1582.23,1621.32,1550.11,1540000.00,0.26
3/25/2021,0.26,1582.38,1668.42,1739.82,1546.48,1880000.00,-5.13
3/24/2021,-5.13,1667.90,1681.50,1720.01,1654.14,1460000.00,-0.86
3/23/2021,-0.86,1682.37,1783.58,1806.62,1659.28,1580000.00,-5.68
3/22/2021,-5.68,1783.72,1804.60,1815.85,1748.47,1430000.00,-1.16
3/21/2021,-1.16,1804.60,1809.09,1868.09,1801.60,27030.00,-0.28
3/20/2021,-0.28,1809.64,1775.87,1848.88,1735.42,1200000.00,1.89
3/19/2021,1.89,1776.08,1823.72,1849.23,1760.83,1530000.00,-2.59
3/18/2021,-2.59,1823.35,1804.56,1837.88,1743.62,1500000.00,1.03
3/17/2021,1.03,1804.85,1792.08,1817.35,1715.97,1810000.00,0.70
3/16/2021,0.70,1792.38,1848.18,1890.59,1745.04,1700000.00,-3.07
3/15/2021,-3.07,1849.06,1921.29,1932.36,1836.78,671560.00,-3.75
3/14/2021,-3.75,1921.13,1767.05,1943.36,1730.46,1790000.00,8.73
3/13/2021,8.73,1766.90,1827.44,1841.19,1723.18,1520000.00,-3.23
3/12/2021,-3.23,1825.79,1794.28,1845.32,1729.05,1580000.00,1.76
3/11/2021,1.76,1794.14,1869.32,1875.98,1759.50,1660000.00,-4.01
3/10/2021,-4.01,1869.10,1831.57,1869.10,1801.29,1580000.00,2.05
3/9/2021,2.05,1831.49,1727.17,1841.05,1665.54,1970000.00,5.98
3/8/2021,5.98,1728.10,1650.94,1732.84,1634.73,1690000.00,4.78
3/7/2021,4.78,1649.19,1530.24,1670.01,1514.62,2070000.00,7.77
3/6/2021,7.77,1530.29,1539.73,1548.71,1443.32,1670000.00,-0.54
3/5/2021,-0.54,1538.61,1567.84,1623.73,1506.86,1700000.00,-2.06
3/4/2021,-2.06,1571.05,1488.80,1653.04,1477.72,1170000.00,5.54
3/3/2021,5.54,1488.62,1570.00,1602.13,1457.22,1740000.00,-5.19
3/2/2021,-5.19,1570.03,1418.91,1571.15,1411.55,1920000.00,10.66
3/1/2021,10.66,1418.76,1458.84,1467.76,1294.79,2070000.00,-2.75
2/28/2021,-2.75,1458.93,1445.69,1527.69,1427.15,1560000.00,0.93
2/27/2021,0.93,1445.44,1476.77,1561.66,1403.30,2130000.00,-2.08
2/26/2021,-2.08,1476.15,1623.76,1669.24,1460.92,1750000.00,-9.09
2/25/2021,-9.09,1623.71,1578.27,1711.16,1505.79,2190000.00,2.89
2/24/2021,2.89,1578.11,1777.25,1781.44,1370.45,3600000.00,-11.21
2/23/2021,-11.21,1777.28,1933.52,1935.04,1561.68,2680000.00,-8.08
2/22/2021,-8.08,1933.45,1912.97,1974.99,1885.70,1470000.00,1.02
2/21/2021,1.02,1913.88,1955.54,2040.79,1800.00,2290000.00,-2.13
2/20/2021,-2.13,1955.59,1934.17,1968.93,1892.70,1780000.00,1.11
2/19/2021,1.11,1934.16,1849.95,1950.04,1849.05,881870.00,4.67
2/18/2021,4.67,1847.95,1781.44,1854.03,1734.15,1690000.00,3.72
2/17/2021,3.72,1781.69,1778.63,1827.07,1726.78,1480000.00,0.16
2/16/2021,0.16,1778.82,1800.60,1835.51,1661.09,1940000.00,-1.27
2/15/2021,-1.27,1801.78,1815.44,1850.00,1787.11,1430000.00,-0.76
2/14/2021,-0.76,1815.49,1840.90,1871.36,1766.05,1440000.00,-1.39
2/13/2021,-1.39,1841.02,1786.74,1862.17,1741.04,1750000.00,3.06
2/12/2021,3.06,1786.35,1742.11,1817.68,1704.97,1560000.00,2.54
2/11/2021,2.54,1742.09,1770.81,1835.40,1683.52,2010000.00,-1.61
2/10/2021,-1.61,1770.63,1750.19,1818.94,1711.40,1940000.00,1.17
2/9/2021,1.17,1750.18,1612.98,1775.12,1566.43,2170000.00,8.51
2/8/2021,8.51,1612.99,1676.62,1692.29,1491.68,1940000.00,-3.80
2/7/2021,-3.80,1676.63,1719.11,1742.90,1648.03,1780000.00,-2.48
2/6/2021,-2.48,1719.20,1593.91,1760.09,1589.28,1800000.00,7.85
2/5/2021,7.85,1594.00,1664.19,1693.64,1570.45,2340000.00,-4.23
2/4/2021,-4.23,1664.34,1511.96,1667.93,1510.27,2270000.00,10.12
2/3/2021,10.12,1511.36,1373.31,1546.88,1361.63,2730000.00,10.05
2/2/2021,10.05,1373.40,1312.69,1376.44,1272.09,1650000.00,4.62
2/1/2021,4.62,1312.73,1377.05,1380.04,1282.41,1540000.00,-4.66
1/31/2021,-4.66,1376.96,1379.78,1405.78,1327.66,1590000.00,-0.17
1/30/2021,-0.17,1379.30,1329.16,1436.27,1288.26,3330000.00,3.83
1/29/2021,3.83,1328.47,1247.67,1359.51,1221.15,814310.00,6.48
1/28/2021,6.48,1247.62,1366.14,1372.31,1210.40,2900000.00,-8.68
1/27/2021,-8.68,1366.27,1317.67,1377.94,1246.45,2560000.00,3.67
1/26/2021,3.67,1317.90,1390.69,1474.68,1298.13,2770000.00,-5.21
1/25/2021,-5.21,1390.28,1233.41,1398.00,1222.14,2300000.00,12.72
1/24/2021,12.72,1233.40,1234.34,1271.65,1196.94,1460000.00,-0.10
1/23/2021,-0.10,1234.58,1118.01,1272.85,1045.02,2940000.00,10.49
1/22/2021,10.49,1117.33,1377.63,1387.39,1095.26,2760000.00,-18.89
1/21/2021,-18.89,1377.53,1372.00,1406.56,1237.27,3050000.00,0.40
1/20/2021,0.40,1372.00,1258.10,1437.42,1252.36,2270000.00,9.06
1/19/2021,9.06,1258.06,1233.93,1260.30,1184.15,1730000.00,2.06
1/18/2021,2.06,1232.64,1228.33,1269.01,1168.39,2150000.00,0.36
1/17/2021,0.36,1228.27,1172.12,1290.92,1154.04,2290000.00,4.83
1/16/2021,4.83,1171.68,1233.34,1256.13,1079.19,2850000.00,-4.44
1/15/2021,-4.44,1226.17,1128.80,1246.52,1088.52,1550000.00,8.66
1/14/2021,8.66,1128.46,1050.20,1134.66,990.96,2250000.00,7.45
1/13/2021,7.45,1050.19,1086.96,1149.19,1008.28,3090000.00,-3.78
1/12/2021,-3.78,1091.47,1255.84,1257.30,917.96,4190000.00,-13.10
1/11/2021,-13.10,1256.04,1275.87,1347.98,1180.45,2650000.00,-1.53
1/10/2021,-1.53,1275.58,1215.92,1301.75,1172.39,1990000.00,4.92
1/9/2021,4.92,1215.73,1224.33,1271.08,1069.25,2710000.00,-0.70
1/8/2021,-0.70,1224.35,1208.71,1286.81,1153.09,2710000.00,1.37
1/7/2021,1.37,1207.77,1099.77,1210.78,1060.67,3750000.00,9.85
1/6/2021,9.85,1099.52,1042.48,1131.56,976.91,3250000.00,5.48
1/5/2021,5.48,1042.40,977.76,1158.27,894.24,5190000.00,6.92
1/4/2021,6.92,974.97,774.54,1008.49,769.57,4020000.00,25.88
1/3/2021,25.88,774.50,729.00,787.26,715.15,2250000.00,6.22
1/2/2021,6.22,729.12,735.87,748.96,715.74,1640000.00,-0.93
1/1/2021,-0.93,735.94,751.92,755.13,724.67,1040000.00,-2.11
12/31/2020,-2.11,751.80,732.04,757.11,720.21,1860000.00,2.74
12/30/2020,2.74,731.76,730.26,739.77,690.24,1820000.00,0.23
12/29/2020,0.23,730.05,683.76,747.86,682.47,2750000.00,6.78
12/28/2020,6.78,683.71,636.35,715.46,627.12,2310000.00,7.40
12/27/2020,7.40,636.58,626.99,652.36,616.04,1940000.00,1.54
12/26/2020,1.54,626.93,612.38,633.90,605.01,1700000.00,2.38
12/25/2020,2.38,612.34,585.47,614.92,566.15,1720000.00,4.55
12/24/2020,4.55,585.69,637.04,638.11,554.09,2200000.00,-8.12
12/23/2020,-8.12,637.47,607.86,637.47,588.24,2120000.00,4.87
12/22/2020,4.87,607.85,638.28,647.87,599.97,1880000.00,-4.76
12/21/2020,-4.76,638.26,657.79,661.04,622.39,2110000.00,-3.03
12/20/2020,-3.03,658.17,654.08,669.54,645.91,2170000.00,0.66
12/19/2020,0.66,653.85,643.28,664.26,630.44,2630000.00,1.66
12/18/2020,1.66,643.17,637.29,675.68,627.36,3670000.00,0.91
12/17/2020,0.91,637.38,588.81,638.18,580.90,3110000.00,8.23
12/16/2020,8.23,588.91,586.22,596.97,579.95,1740000.00,0.46
12/15/2020,0.46,586.19,590.66,591.41,576.01,1780000.00,-0.83
12/14/2020,-0.83,591.09,568.07,594.83,563.37,2030000.00,4.11
12/13/2020,4.11,567.78,544.16,573.59,543.90,1620000.00,4.34
12/12/2020,4.34,544.17,558.15,560.28,536.43,30170000.00,-2.50
12/11/2020,-2.50,558.13,573.28,575.56,548.99,19600000.00,-2.63
12/10/2020,-2.63,573.21,554.95,577.94,530.88,9100000.00,3.27
12/9/2020,3.27,555.05,591.03,594.78,551.08,8110000.00,-6.10
12/8/2020,-6.10,591.09,601.54,603.06,584.53,7720000.00,-1.76
12/7/2020,-1.76,601.68,596.61,606.90,583.67,13140000.00,0.84
12/6/2020,0.84,596.68,567.84,596.73,561.24,30830000.00,5.07
12/5/2020,5.07,567.91,616.33,619.61,566.34,48950000.00,-7.85
12/4/2020,-7.85,616.32,597.94,622.10,587.15,24000000.00,3.05
12/3/2020,3.05,598.05,585.69,604.34,575.24,16210000.00,2.12
12/2/2020,2.12,585.66,616.78,635.66,567.79,49420000.00,-4.91
12/1/2020,-4.91,615.92,575.35,615.97,571.04,51720000.00,7.03
11/30/2020,7.03,575.45,537.89,576.52,530.71,5790000.00,7.01
11/29/2020,7.01,537.74,518.70,547.94,506.97,5340000.00,3.79
11/28/2020,3.79,518.11,519.69,530.41,494.65,6420000.00,-0.23
11/27/2020,-0.23,519.32,569.69,577.08,484.03,13110000.00,-8.84
11/26/2020,-8.84,569.67,605.01,605.63,555.32,14500000.00,-5.84
11/25/2020,-5.84,605.03,609.20,621.70,589.56,41110000.00,-0.69
11/24/2020,-0.69,609.22,559.37,610.33,551.80,49680000.00,8.91
11/23/2020,8.91,559.40,551.90,580.00,514.44,36760000.00,1.36
11/22/2020,1.36,551.91,509.94,552.13,505.14,26860000.00,8.22
11/21/2020,8.22,509.98,471.27,513.06,471.06,30850000.00,8.23
11/20/2020,8.23,471.21,478.55,480.55,465.41,12530000.00,-1.53
11/19/2020,-1.53,478.52,482.05,495.04,459.92,18190000.00,-0.71
11/18/2020,-0.71,481.95,460.37,484.59,459.74,7930000.00,4.67
11/17/2020,4.67,460.43,448.18,465.97,445.82,5620000.00,2.72
11/16/2020,2.72,448.23,460.75,462.93,440.44,9340000.00,-2.71
11/15/2020,-2.71,460.70,476.38,477.34,452.60,9170000.00,-3.27
11/14/2020,-3.27,476.29,462.61,477.78,457.65,9850000.00,2.97
11/13/2020,2.97,462.56,463.33,469.57,452.44,9330000.00,-0.17
11/12/2020,-0.17,463.33,450.26,476.08,449.51,15130000.00,2.91
11/11/2020,2.91,450.22,444.38,454.43,439.50,20760000.00,1.33
11/10/2020,1.33,444.33,454.55,458.51,434.95,28850000.00,-2.28
11/9/2020,-2.28,454.68,435.39,460.09,432.44,4820000.00,4.43
11/8/2020,4.43,435.40,455.78,467.88,425.57,7780000.00,-4.46
11/7/2020,-4.46,455.72,416.59,457.79,415.08,6530000.00,9.38
11/6/2020,9.38,416.63,402.50,419.94,396.46,7040000.00,3.59
11/5/2020,3.59,402.19,388.23,407.90,377.22,6170000.00,3.68
11/4/2020,3.68,387.92,383.64,389.98,370.96,6730000.00,1.14
11/3/2020,1.14,383.53,396.45,404.04,379.13,9430000.00,-3.22
11/2/2020,-3.22,396.29,386.36,397.32,384.94,5520000.00,2.55
11/1/2020,2.55,386.42,382.81,394.01,380.53,6420000.00,1.05
10/31/2020,1.05,382.41,387.16,391.98,374.36,2810000.00,-1.12
10/30/2020,-1.12,386.76,388.25,393.33,381.53,3040000.00,-0.36
10/29/2020,-0.36,388.14,403.11,408.10,381.51,9960000.00,-3.72
10/28/2020,-3.72,403.15,393.93,409.85,390.92,6290000.00,2.29
10/27/2020,2.29,394.11,406.45,410.41,383.21,9060000.00,-2.95
10/26/2020,-2.95,406.09,412.44,417.07,403.95,3050000.00,-1.42
10/25/2020,-1.42,411.92,408.59,416.28,407.74,2680000.00,0.83
10/24/2020,0.83,408.52,414.12,419.11,402.91,8180000.00,-1.34
10/23/2020,-1.34,414.05,391.39,420.12,391.21,12650000.00,5.84
10/22/2020,5.84,391.20,368.53,400.36,368.06,13610000.00,6.20
10/21/2020,6.20,368.35,379.03,380.14,367.16,7460000.00,-2.86
10/20/2020,-2.86,379.19,377.85,383.97,372.72,6850000.00,0.37
10/19/2020,0.37,377.81,368.61,378.49,367.54,4680000.00,2.49
10/18/2020,2.49,368.63,365.08,369.94,363.18,4980000.00,0.95
10/17/2020,0.95,365.17,377.60,379.60,362.65,7590000.00,-3.25
10/16/2020,-3.25,377.45,378.96,380.77,370.39,7930000.00,-0.45
10/15/2020,-0.45,379.15,381.13,387.11,373.62,8080000.00,-0.55
10/14/2020,-0.55,381.23,386.64,387.06,374.57,7920000.00,-1.41
10/13/2020,-1.41,386.68,374.39,394.58,366.05,10390000.00,3.34
10/12/2020,3.34,374.19,370.28,377.27,369.23,5220000.00,1.09
10/11/2020,1.09,370.16,365.25,377.97,364.57,7170000.00,1.34
10/10/2020,1.34,365.28,350.71,368.19,347.82,7850000.00,4.12
10/9/2020,4.12,350.83,341.66,352.95,334.79,6850000.00,2.74
10/8/2020,2.74,341.48,340.59,342.68,334.11,5770000.00,0.26
10/7/2020,0.26,340.61,353.53,354.90,337.21,7320000.00,-3.59
10/6/2020,-3.59,353.28,352.69,354.86,348.76,4960000.00,0.16
10/5/2020,0.16,352.73,345.60,353.97,344.03,4770000.00,2.06
10/4/2020,2.06,345.60,345.78,351.04,343.74,4480000.00,-0.02
10/3/2020,-0.02,345.68,353.06,353.61,335.91,7270000.00,-2.09
10/2/2020,-2.09,353.07,359.50,369.10,345.66,7930000.00,-1.76
10/1/2020,-1.76,359.39,359.77,360.94,352.81,5430000.00,-0.13
9/30/2020,-0.13,359.86,353.97,360.66,351.48,6260000.00,1.63
9/29/2020,1.63,354.08,357.42,367.63,352.57,7770000.00,-0.88
9/28/2020,-0.88,357.23,354.26,362.00,347.51,6350000.00,0.84
9/27/2020,0.84,354.25,351.62,355.87,346.95,6480000.00,0.75
9/26/2020,0.75,351.63,349.13,357.80,338.01,8470000.00,0.70
9/25/2020,0.70,349.17,319.97,352.60,317.27,9400000.00,9.13
9/24/2020,9.13,319.95,343.96,344.12,315.54,13880000.00,-7.00
9/23/2020,-7.00,344.03,341.32,346.19,336.15,9290000.00,0.80
9/22/2020,0.80,341.30,371.09,375.34,331.41,11410000.00,-8.04
9/21/2020,-8.04,371.12,385.33,385.39,365.48,7300000.00,-3.67
9/20/2020,-3.67,385.25,384.25,386.99,377.63,6740000.00,0.27
9/19/2020,0.27,384.20,389.37,392.21,375.81,8950000.00,-1.23
9/18/2020,-1.23,388.97,364.75,393.96,363.54,12850000.00,6.60
9/17/2020,6.60,364.88,363.91,372.88,355.18,9060000.00,0.24
9/16/2020,0.24,364.01,376.70,381.67,362.40,9060000.00,-3.37
9/15/2020,-3.37,376.70,365.89,383.99,357.54,10340000.00,3.01
9/14/2020,3.01,365.71,388.06,389.51,353.85,10380000.00,-5.74
9/13/2020,-5.74,387.98,373.74,388.12,366.05,11490000.00,3.82
9/12/2020,3.82,373.72,367.89,374.41,356.38,12530000.00,1.58
9/11/2020,1.58,367.92,351.10,376.92,350.86,16500000.00,4.79
9/10/2020,4.79,351.10,337.46,358.33,331.12,14070000.00,4.04
9/9/2020,4.04,337.46,352.06,355.69,326.66,18980000.00,-4.15
9/8/2020,-4.15,352.06,353.49,357.33,325.47,21690000.00,-0.40
9/7/2020,-0.40,353.49,334.91,358.09,316.69,20130000.00,5.55
9/6/2020,5.55,334.91,385.94,394.12,314.13,35320000.00,-13.22
9/5/2020,-13.22,385.94,381.97,399.58,368.22,25200000.00,1.04
9/4/2020,1.04,381.97,439.14,466.40,376.99,33590000.00,-13.01
9/3/2020,-13.01,439.08,475.72,480.96,423.26,30140000.00,-7.72
9/2/2020,-7.72,475.80,433.89,488.24,429.65,10420000.00,9.66
9/1/2020,9.66,433.90,428.81,438.71,418.35,7890000.00,1.18
8/31/2020,1.18,428.86,398.80,429.59,398.47,6670000.00,7.54
8/30/2020,7.54,398.80,395.32,405.53,391.97,5230000.00,0.93
8/29/2020,0.93,395.11,383.16,397.64,379.80,6160000.00,3.13
8/28/2020,3.13,383.11,385.96,396.48,372.53,7030000.00,-0.74
8/27/2020,-0.74,385.96,383.16,392.61,377.63,6690000.00,0.72
8/26/2020,0.72,383.20,407.64,409.02,370.40,8280000.00,-6.01
8/25/2020,-6.01,407.70,390.81,410.17,387.62,6690000.00,4.40
8/24/2020,4.40,390.50,395.56,396.96,383.42,5360000.00,-1.28
8/23/2020,-1.28,395.56,388.06,396.87,379.96,6730000.00,1.95
8/22/2020,1.95,387.99,416.05,418.72,385.21,7620000.00,-6.74
8/21/2020,-6.74,416.05,407.39,418.92,402.80,6230000.00,2.11
8/20/2020,2.11,407.44,422.10,426.65,394.51,8440000.00,-3.49
8/19/2020,-3.49,422.16,430.63,433.65,415.45,8180000.00,-1.95
8/18/2020,-1.95,430.56,433.62,444.86,420.71,7830000.00,-0.71
8/17/2020,-0.71,433.63,432.22,436.58,413.22,7020000.00,0.34
8/16/2020,0.34,432.18,438.04,442.70,428.75,7270000.00,-1.34
8/15/2020,-1.34,438.03,424.28,443.74,418.37,8670000.00,3.23
8/14/2020,3.23,424.31,387.15,430.33,377.57,12040000.00,9.61
8/13/2020,9.61,387.12,379.03,389.21,367.05,8590000.00,2.14
8/12/2020,2.14,379.01,395.52,398.13,367.38,9440000.00,-4.18
8/11/2020,-4.18,395.53,390.22,399.05,386.45,8010000.00,1.36
8/10/2020,1.36,390.23,396.78,399.93,384.31,4970000.00,-1.65
8/9/2020,-1.65,396.76,379.57,396.77,376.38,4940000.00,4.53
8/8/2020,4.53,379.57,394.80,398.14,366.44,8340000.00,-3.86
8/7/2020,-3.86,394.83,400.80,403.18,391.67,7920000.00,-1.49
8/6/2020,-1.49,400.79,389.62,406.92,384.84,8740000.00,2.87
8/5/2020,2.87,389.62,385.86,402.01,381.30,9840000.00,0.99
8/4/2020,0.99,385.80,372.26,397.73,368.46,9920000.00,3.69
8/3/2020,3.69,372.08,387.15,415.08,335.76,16380000.00,-3.89
8/2/2020,-3.89,387.14,346.48,392.37,343.33,11030000.00,11.73
8/1/2020,11.73,346.51,334.84,349.34,329.02,8690000.00,3.48
7/31/2020,3.48,334.87,317.79,341.11,314.83,9070000.00,5.36
7/30/2020,5.36,317.82,316.95,324.93,312.64,8720000.00,0.27
7/29/2020,0.27,316.96,321.82,326.53,306.40,9910000.00,-1.50
7/28/2020,-1.50,321.80,311.12,332.57,311.04,13730000.00,3.43
7/27/2020,3.43,311.13,305.32,318.54,300.33,9190000.00,1.90
7/26/2020,1.90,305.32,279.33,308.57,279.33,8590000.00,9.30
7/25/2020,9.30,279.33,275.33,287.01,268.54,7170000.00,1.45
7/24/2020,1.45,275.34,263.29,279.53,260.70,8790000.00,4.58
7/23/2020,4.58,263.28,245.54,266.42,241.89,6680000.00,7.23
7/22/2020,7.23,245.53,236.10,246.49,235.67,6290000.00,3.99
7/21/2020,3.99,236.10,239.03,239.71,234.51,5360000.00,-1.22
7/20/2020,-1.22,239.01,235.72,239.70,233.35,6610000.00,1.38
7/19/2020,1.38,235.75,232.77,236.83,232.40,5790000.00,1.29
7/18/2020,1.29,232.75,233.65,234.53,231.84,5880000.00,-0.39
7/17/2020,-0.39,233.65,238.62,239.47,230.44,6630000.00,-2.08
7/16/2020,-2.08,238.62,240.49,241.36,237.04,7350000.00,-0.78
7/15/2020,-0.78,240.50,239.75,242.08,237.21,7070000.00,0.32
7/14/2020,0.32,239.73,242.84,245.04,237.71,8320000.00,-1.24
7/13/2020,-1.24,242.75,239.20,243.79,236.91,6810000.00,1.48
7/12/2020,1.48,239.20,241.21,241.64,237.76,6420000.00,-0.85
7/11/2020,-0.85,241.26,242.01,242.17,236.19,6840000.00,-0.31
7/10/2020,-0.31,242.02,246.93,247.63,238.28,9020000.00,-2.01
7/9/2020,-2.01,246.99,239.26,248.76,238.00,12980000.00,3.24
7/8/2020,3.24,239.25,241.56,243.43,234.92,6260000.00,-0.96
7/7/2020,-0.96,241.56,227.95,241.64,227.10,9450000.00,5.96
7/6/2020,5.96,227.98,229.09,229.80,223.79,5410000.00,-0.51
7/5/2020,-0.51,229.15,225.09,230.40,224.80,5450000.00,1.79
7/4/2020,1.79,225.12,226.42,228.14,224.77,5200000.00,-0.57
7/3/2020,-0.57,226.42,230.96,232.04,223.53,7280000.00,-1.96
7/2/2020,-1.96,230.95,225.61,232.47,224.33,6310000.00,2.36
7/1/2020,2.36,225.63,227.88,228.57,223.23,5600000.00,-0.98
6/30/2020,-0.98,227.87,225.09,229.83,221.60,6800000.00,1.24
6/29/2020,1.24,225.09,221.07,227.74,218.46,5910000.00,1.82
6/28/2020,1.82,221.06,229.72,231.30,217.11,7210000.00,-3.75
6/27/2020,-3.75,229.67,232.57,233.50,228.16,6960000.00,-1.24
6/26/2020,-1.24,232.56,234.75,235.29,227.99,6480000.00,-0.93
6/25/2020,-0.93,234.75,243.20,249.23,231.56,9130000.00,-3.47
6/24/2020,-3.47,243.20,243.24,244.77,240.94,5160000.00,-0.02
6/23/2020,-0.02,243.25,228.11,246.39,227.69,7930000.00,6.63
6/22/2020,6.63,228.13,228.87,231.18,227.38,4100000.00,-0.32
6/21/2020,-0.32,228.86,229.11,230.96,226.28,4540000.00,-0.11
6/20/2020,-0.11,229.11,231.34,231.94,226.97,5560000.00,-0.96
6/19/2020,-0.96,231.34,233.85,234.69,228.13,4960000.00,-1.09
6/18/2020,-1.09,233.88,235.37,236.55,228.63,5940000.00,-0.63
6/17/2020,-0.63,235.36,230.92,235.95,228.99,7030000.00,1.92
6/16/2020,1.92,230.93,231.99,233.34,219.06,10180000.00,-0.47
6/15/2020,-0.47,232.02,238.23,238.48,230.52,5780000.00,-2.60
6/14/2020,-2.60,238.22,237.55,238.61,234.86,5270000.00,0.29
6/13/2020,0.29,237.54,230.72,239.23,228.62,7340000.00,2.96
6/12/2020,2.96,230.71,247.79,249.77,227.01,12400000.00,-6.89
6/11/2020,-6.89,247.78,243.82,249.51,242.54,7630000.00,1.62
6/10/2020,1.62,243.82,246.19,249.45,240.18,6860000.00,-0.96
6/9/2020,-0.96,246.18,244.56,247.11,241.30,6550000.00,0.66
6/8/2020,0.66,244.56,242.00,244.94,235.44,8100000.00,1.06
6/7/2020,1.06,242.00,240.27,244.43,238.38,6620000.00,0.74
6/6/2020,0.74,240.23,243.37,247.50,239.70,7750000.00,-1.29
6/5/2020,-1.29,243.37,244.53,246.41,236.68,8750000.00,-0.47
6/4/2020,-0.47,244.52,237.90,244.76,233.84,8150000.00,2.77
6/3/2020,2.77,237.94,248.01,253.21,227.95,12690000.00,-4.04
6/2/2020,-4.04,247.97,231.80,249.81,230.85,11970000.00,6.97
6/1/2020,6.97,231.81,243.63,245.33,230.31,12430000.00,-4.85
5/31/2020,-4.85,243.63,220.66,246.55,218.86,14340000.00,10.41
5/30/2020,10.41,220.66,220.14,224.52,217.84,12360000.00,0.22
5/29/2020,0.22,220.18,208.20,220.33,204.79,12510000.00,5.76
5/28/2020,5.76,208.18,200.99,208.18,200.85,10280000.00,3.57
5/27/2020,3.57,201.00,204.13,204.90,197.30,10440000.00,-1.53
5/26/2020,-1.53,204.13,199.99,205.52,198.57,10630000.00,2.08
5/25/2020,2.08,199.97,206.65,210.40,199.97,11890000.00,-3.22
5/24/2020,-3.22,206.62,207.35,211.03,204.97,9910000.00,-0.35
5/23/2020,-0.35,207.35,198.75,209.04,196.68,12130000.00,4.33
5/22/2020,4.33,198.75,210.00,211.58,192.11,14360000.00,-5.35
5/21/2020,-5.35,209.99,214.52,215.28,207.03,12190000.00,-2.11
5/20/2020,-2.11,214.51,214.88,215.75,209.79,13960000.00,-0.17
5/19/2020,-0.17,214.87,207.00,217.00,207.00,17730000.00,3.80
5/18/2020,3.80,207.00,200.51,209.79,199.77,15780000.00,3.24
5/17/2020,3.24,200.51,194.85,203.12,193.48,15520000.00,2.90
5/16/2020,2.90,194.85,203.29,204.02,192.61,16620000.00,-4.16
5/15/2020,-4.16,203.30,199.58,205.82,196.21,20750000.00,1.86
5/14/2020,1.86,199.58,189.82,200.82,188.59,17470000.00,5.13
5/13/2020,5.13,189.84,185.82,192.04,185.68,15580000.00,2.09
5/12/2020,2.09,185.96,187.77,193.26,177.43,26740000.00,-0.97
5/11/2020,-0.97,187.78,210.19,210.19,180.70,35980000.00,-10.67
5/10/2020,-10.67,210.22,211.47,214.50,208.83,20900000.00,-0.58
5/9/2020,-0.58,211.45,212.00,216.44,207.25,23080000.00,-0.26
5/8/2020,-0.26,212.00,199.05,214.00,197.36,26710000.00,6.51
5/7/2020,6.51,199.04,205.36,210.62,198.79,24030000.00,-3.08
5/6/2020,-3.08,205.36,206.59,211.33,201.75,21050000.00,-0.61
5/5/2020,-0.61,206.61,209.85,210.63,195.25,27210000.00,-1.53
5/4/2020,-1.53,209.83,213.96,218.74,205.50,23120000.00,-1.93
5/3/2020,-1.93,213.96,212.00,215.15,210.51,18310000.00,0.92
5/2/2020,0.92,212.00,206.23,216.99,206.06,23080000.00,2.80
5/1/2020,2.80,206.22,215.42,227.05,202.59,35460000.00,-4.26
4/30/2020,-4.26,215.40,196.55,218.32,196.45,32870000.00,9.59
4/29/2020,9.59,196.55,196.13,197.51,192.47,21810000.00,0.21
4/28/2020,0.21,196.14,197.35,198.80,190.87,23330000.00,-0.61
4/27/2020,-0.61,197.35,194.01,199.30,192.52,23130000.00,1.72
4/26/2020,1.72,194.01,187.57,197.35,186.03,21870000.00,3.43
4/25/2020,3.43,187.58,185.48,189.33,185.19,19840000.00,1.14
4/24/2020,1.14,185.46,182.72,192.40,178.54,28730000.00,1.50
4/23/2020,1.50,182.72,170.79,183.71,169.93,23810000.00,6.99
4/22/2020,6.99,170.79,170.37,174.48,168.31,23630000.00,0.23
4/21/2020,0.23,170.40,180.12,186.24,167.51,33680000.00,-5.40
4/20/2020,-5.40,180.13,187.47,188.23,177.24,23270000.00,-3.91
4/19/2020,-3.91,187.45,170.63,189.22,170.61,24750000.00,9.86
4/18/2020,9.86,170.63,172.32,174.52,168.55,20050000.00,-0.97
4/17/2020,-0.97,172.31,152.90,174.28,148.91,32990000.00,12.69
4/16/2020,12.69,152.90,158.43,161.06,152.44,20700000.00,-3.50
4/15/2020,-3.50,158.45,156.36,161.57,155.52,21200000.00,1.32
4/14/2020,1.32,156.38,158.76,158.85,150.60,25300000.00,-1.48
4/13/2020,-1.48,158.73,158.18,164.75,155.17,22600000.00,0.35
4/12/2020,0.35,158.18,157.85,161.37,154.01,19070000.00,0.20
4/11/2020,0.20,157.86,169.67,170.10,152.52,28350000.00,-6.97
4/10/2020,-6.97,169.68,173.01,173.20,165.91,20660000.00,-1.92
4/9/2020,-1.92,173.00,164.71,174.23,163.73,24310000.00,5.03
4/8/2020,5.03,164.71,171.07,175.78,162.75,35790000.00,-3.71
4/7/2020,-3.71,171.06,142.58,171.24,142.55,37890000.00,19.97
4/6/2020,19.97,142.58,144.03,145.26,140.84,18170000.00,-0.99
4/5/2020,-0.99,144.01,141.13,145.71,139.36,19750000.00,2.03
4/4/2020,2.03,141.14,141.29,146.46,138.01,23340000.00,-0.11
4/3/2020,-0.11,141.30,135.65,148.91,135.26,29420000.00,4.16
4/2/2020,4.16,135.66,132.88,136.56,128.93,19450000.00,2.11
4/1/2020,2.11,132.86,132.15,135.14,130.54,17300000.00,0.54
3/31/2020,0.54,132.15,125.24,134.72,125.02,20710000.00,5.52
3/30/2020,5.52,125.24,131.02,131.74,124.84,16330000.00,-4.42
3/29/2020,-4.42,131.03,131.74,132.68,125.48,21030000.00,-0.54
3/28/2020,-0.54,131.74,138.38,140.99,131.09,18180000.00,-4.80
3/27/2020,-4.80,138.38,136.08,139.22,133.69,17710000.00,1.70
3/26/2020,1.70,136.07,138.59,141.88,133.06,24150000.00,-1.84
3/25/2020,-1.84,138.62,136.00,142.90,132.67,27100000.00,1.91
3/24/2020,1.91,136.02,122.46,136.93,120.20,28620000.00,11.12
3/23/2020,11.12,122.41,132.59,136.86,121.37,25250000.00,-7.67
3/22/2020,-7.67,132.58,133.32,137.33,126.01,27000000.00,-0.56
3/21/2020,-0.56,133.32,135.43,151.85,118.07,38740000.00,-1.56
3/20/2020,-1.56,135.43,117.76,141.05,115.59,33780000.00,15.00
3/19/2020,15.00,117.77,115.95,117.91,110.16,25800000.00,1.47
3/18/2020,1.47,116.06,111.06,120.60,109.67,27090000.00,4.54
3/17/2020,4.54,111.02,124.35,124.38,102.44,40250000.00,-10.72
3/16/2020,-10.72,124.35,122.67,132.13,120.93,26240000.00,1.35
3/15/2020,1.35,122.69,134.02,134.58,121.27,26830000.00,-8.43
3/14/2020,-8.43,133.99,107.87,138.86,88.50,60700000.00,24.18
3/13/2020,24.18,107.90,194.57,195.40,102.83,53510000.00,-44.55
3/12/2020,-44.55,194.58,200.61,202.96,182.15,21260000.00,-2.98
3/11/2020,-2.98,200.56,202.88,205.62,196.17,21870000.00,-1.13
3/10/2020,-1.13,202.85,199.21,208.23,190.73,30270000.00,1.85
3/9/2020,1.85,199.16,237.30,237.30,196.71,24760000.00,-16.08
3/8/2020,-16.08,237.32,244.87,251.55,236.87,16900000.00,-3.10
3/7/2020,-3.10,244.90,228.46,244.98,227.71,17740000.00,7.20
3/6/2020,7.20,228.45,224.36,233.96,224.34,17820000.00,1.81
3/5/2020,1.81,224.38,223.94,228.66,220.74,14650000.00,0.20
3/4/2020,0.20,223.94,231.90,232.37,220.34,18480000.00,-3.42
3/3/2020,-3.42,231.87,217.96,234.24,216.23,18120000.00,6.37
3/2/2020,6.37,217.99,217.51,227.44,213.00,17170000.00,0.22
3/1/2020,0.22,217.52,226.94,232.87,217.43,16340000.00,-4.15
2/29/2020,-4.15,226.93,227.60,234.55,214.47,24110000.00,-0.26
2/28/2020,-0.26,227.53,224.30,238.07,210.36,28830000.00,1.44
2/27/2020,1.44,224.30,246.97,250.05,216.39,29550000.00,-9.18
2/26/2020,-9.18,246.96,265.63,266.17,245.75,20310000.00,-7.04
2/25/2020,-7.04,265.65,274.72,276.81,258.15,19960000.00,-3.30
2/24/2020,-3.30,274.72,261.65,275.30,261.24,16040000.00,5.00
2/23/2020,5.00,261.64,265.14,266.71,256.97,13400000.00,-1.31
2/22/2020,-1.31,265.11,257.32,267.80,254.15,17460000.00,3.00
2/21/2020,3.00,257.39,259.07,264.22,246.46,22070000.00,-0.67
2/20/2020,-0.67,259.12,282.33,285.75,253.88,20760000.00,-8.20
2/19/2020,-8.20,282.26,267.71,285.59,259.30,24150000.00,5.47
2/18/2020,5.47,267.63,259.92,268.45,242.11,25610000.00,2.94
2/17/2020,2.94,259.99,264.87,273.81,237.89,24820000.00,-1.84
2/16/2020,-1.84,264.87,285.17,287.93,262.45,22260000.00,-7.14
2/15/2020,-7.14,285.25,268.71,286.34,260.78,19990000.00,6.14
2/14/2020,6.14,268.75,265.59,277.39,257.09,25050000.00,1.19
2/13/2020,1.19,265.58,236.75,274.89,236.73,23790000.00,12.17
2/12/2020,12.17,236.76,222.94,238.61,218.22,17390000.00,6.19
2/11/2020,6.19,222.95,228.61,229.28,217.02,16500000.00,-2.47
2/10/2020,-2.47,228.59,223.23,230.38,223.07,14280000.00,2.40
2/9/2020,2.40,223.23,223.47,227.55,213.75,15980000.00,-0.13
2/8/2020,-0.13,223.51,213.15,224.53,213.14,16730000.00,4.86
2/7/2020,4.86,213.16,203.84,216.14,201.29,16440000.00,4.58
2/6/2020,4.58,203.83,188.94,207.51,188.26,14670000.00,7.89
2/5/2020,7.89,188.93,189.80,191.48,188.93,11560000.00,-0.45
2/4/2020,-0.45,189.79,188.48,194.92,187.16,11950000.00,0.68
2/3/2020,0.68,188.50,183.58,193.25,179.49,14540000.00,2.65
2/2/2020,2.65,183.64,179.88,184.17,179.36,13240000.00,2.07
2/1/2020,2.07,179.91,184.60,185.67,175.46,11770000.00,-2.54
1/31/2020,-2.54,184.59,173.86,186.76,171.20,13020000.00,6.17
1/30/2020,6.17,173.86,175.78,178.41,173.76,11270000.00,-1.07
1/29/2020,-1.07,175.74,170.27,176.06,170.27,12630000.00,3.21
1/28/2020,3.21,170.27,167.91,171.97,165.45,12540000.00,1.41
1/27/2020,1.41,167.90,160.40,168.00,159.55,9820000.00,4.65
1/26/2020,4.65,160.44,162.56,162.72,157.87,9630000.00,-1.30
1/25/2020,-1.30,162.55,162.80,164.27,155.65,14880000.00,-0.15
1/24/2020,-0.15,162.80,168.15,168.25,159.78,14860000.00,-3.17
1/23/2020,-3.17,168.13,169.41,171.27,166.19,11300000.00,-0.76
1/22/2020,-0.76,169.41,166.87,169.79,165.53,11520000.00,1.52
1/21/2020,1.52,166.87,166.92,169.24,161.61,11300000.00,-0.03
1/20/2020,-0.03,166.92,174.17,177.77,162.04,15840000.00,-4.17
1/19/2020,-4.17,174.19,170.18,179.29,165.34,17420000.00,2.33
1/18/2020,2.33,170.22,164.39,173.96,162.33,18570000.00,3.57
1/17/2020,3.57,164.36,166.44,167.18,159.08,16240000.00,-1.26
1/16/2020,-1.26,166.45,166.07,166.45,159.74,16660000.00,0.23
1/15/2020,0.23,166.07,143.59,169.73,143.59,22850000.00,15.65
1/14/2020,15.65,143.60,146.50,146.87,142.64,10260000.00,-1.95
1/13/2020,-1.95,146.46,142.65,146.46,142.00,10010000.00,2.66
1/12/2020,2.66,142.67,144.81,147.68,142.23,12460000.00,-1.48
1/11/2020,-1.48,144.81,137.93,144.86,135.69,13370000.00,5.00
1/10/2020,5.00,137.92,140.80,141.60,135.85,11380000.00,-2.05
1/9/2020,-2.05,140.81,143.01,147.55,137.61,13710000.00,-1.56
1/8/2020,-1.56,143.04,144.09,145.13,139.22,13580000.00,-0.72
1/7/2020,-0.72,144.08,135.59,144.27,135.17,14360000.00,6.26
1/6/2020,6.26,135.59,134.32,138.33,134.32,12190000.00,0.94
1/5/2020,0.94,134.33,134.30,135.57,132.76,11160000.00,0.04
1/4/2020,0.04,134.27,127.19,134.86,126.05,15670000.00,5.57
1/3/2020,5.57,127.19,130.75,130.77,126.74,11450000.00,-2.72
1/2/2020,-2.72,130.75,129.21,132.97,128.81,10350000.00,1.19
1/1/2020,1.19,129.21,131.87,133.53,128.27,12890000.00,-1.99
12/31/2019,-1.99,131.83,134.40,136.16,130.91,12470000.00,-1.91
12/30/2019,-1.91,134.40,128.35,137.74,127.67,15690000.00,4.71
12/29/2019,4.71,128.35,126.40,129.73,125.98,12130000.00,1.53
12/28/2019,1.53,126.41,125.92,127.04,123.18,12250000.00,0.38
12/27/2019,0.38,125.93,125.24,132.12,124.53,15550000.00,0.55
12/26/2019,0.55,125.24,128.05,128.17,124.18,13230000.00,-2.19
12/25/2019,-2.19,128.05,128.07,129.77,127.07,11440000.00,-0.02
12/24/2019,-0.02,128.08,132.20,134.92,126.55,14730000.00,-3.11
12/23/2019,-3.11,132.19,127.61,133.04,127.09,13670000.00,3.59
12/22/2019,3.59,127.61,128.69,128.79,126.85,9640000.00,-0.85
12/21/2019,-0.85,128.70,128.42,129.66,126.31,12290000.00,0.22
12/20/2019,0.22,128.42,132.93,133.90,126.12,14220000.00,-3.39
12/19/2019,-3.39,132.92,122.06,133.93,117.14,20230000.00,8.90
12/18/2019,8.90,122.06,132.78,132.96,120.63,17040000.00,-8.07
12/17/2019,-8.07,132.78,142.55,142.75,131.00,17600000.00,-6.84
12/16/2019,-6.84,142.53,142.03,143.87,140.30,11310000.00,0.35
12/15/2019,0.35,142.03,144.95,145.17,141.40,11150000.00,-2.02
12/14/2019,-2.02,144.96,145.04,145.43,143.51,10950000.00,-0.05
12/13/2019,-0.05,145.03,143.51,145.82,140.00,12230000.00,1.06
12/12/2019,1.06,143.51,145.88,146.57,142.53,10930000.00,-1.61
12/11/2019,-1.61,145.86,147.88,148.48,144.49,11120000.00,-1.37
12/10/2019,-1.37,147.88,151.17,151.75,147.02,9670000.00,-2.18
12/9/2019,-2.18,151.17,148.25,152.22,147.09,9280000.00,1.95
12/8/2019,1.95,148.28,148.88,149.76,147.54,8110000.00,-0.41
12/7/2019,-0.41,148.89,148.70,149.36,147.01,8770000.00,0.13
12/6/2019,0.13,148.69,145.79,149.08,144.64,9990000.00,1.99
12/5/2019,1.99,145.79,147.81,151.02,143.95,12850000.00,-1.37
12/4/2019,-1.37,147.82,148.89,149.84,146.56,8730000.00,-0.72
12/3/2019,-0.72,148.89,151.06,151.63,147.49,9180000.00,-1.42
12/2/2019,-1.42,151.04,151.93,152.33,146.26,9910000.00,-0.60
12/1/2019,-0.60,151.95,154.57,155.19,150.45,8790000.00,-1.68
11/30/2019,-1.68,154.55,151.07,157.27,150.64,10490000.00,2.30
11/29/2019,2.30,151.07,152.71,154.68,149.71,9660000.00,-1.07
11/28/2019,-1.07,152.70,147.60,155.43,141.91,13340000.00,3.45
11/27/2019,3.45,147.61,145.88,149.81,144.04,10840000.00,1.17
11/26/2019,1.17,145.90,140.58,151.26,131.78,17980000.00,3.73
11/25/2019,3.73,140.66,152.46,153.24,139.79,11390000.00,-7.74
11/24/2019,-7.74,152.46,149.79,154.25,146.60,11840000.00,1.78
11/23/2019,1.78,149.80,161.46,163.06,139.13,21120000.00,-7.22
11/22/2019,-7.22,161.46,174.96,175.91,158.55,13360000.00,-7.72
11/21/2019,-7.72,174.96,176.09,177.42,173.99,8390000.00,-0.64
11/20/2019,-0.64,176.09,178.49,178.70,173.48,9110000.00,-1.35
11/19/2019,-1.35,178.50,184.19,184.33,176.08,9570000.00,-3.08
11/18/2019,-3.08,184.18,182.39,185.97,180.49,8570000.00,0.96
11/17/2019,0.96,182.42,180.19,183.46,179.53,7620000.00,1.24
11/16/2019,1.24,180.19,185.24,186.10,178.29,11860000.00,-2.73
11/15/2019,-2.73,185.25,188.36,188.91,183.96,9570000.00,-1.65