Date,close,open,high,low,vol
11/25/2021,5.7741,-1.6013,4.0457,1.8386,-2.9046
11/24/2021,-1.5366,6.2030,-0.2719,2.6579,-12.9159
11/23/2021,6.1973,-4.2488,1.6999,0.9293,-4.5643
11/22/2021,-4.2438,-3.1969,-2.5130,-5.1682,60.6974
11/21/2021,-3.1929,2.6483,-0.2632,0.9378,-3.6199
11/20/2021,2.6405,7.4814,2.9930,5.7483,-19.0520
11/19/2021,7.3356,-6.8531,-0.8596,0.4962,-27.8175
11/18/2021,-6.7354,1.9490,1.0339,-2.7652,19.1656
11/17/2021,1.9657,-7.7730,-5.8004,-1.0765,-40.6304
11/16/2021,-7.7761,-1.3563,-4.3278,-9.4236,125.8247
11/15/2021,-1.3536,-0.4024,1.6327,0.6317,45.4599
11/14/2021,-0.4095,-0.4578,-0.2606,-1.5358,17.4631
11/13/2021,-0.4864,-1.1596,-2.1247,1.6270,-54.2587
11/12/2021,-1.1345,1.8671,0.6067,-1.4568,51.5946
11/11/2021,1.8740,-2.0679,-1.7658,1.7756,-45.0571
11/10/2021,-2.0669,-1.5912,0.5659,-4.5945,74.1844
11/9/2021,-1.5920,4.2560,0.2845,2.2415,-35.0262
11/8/2021,4.2567,2.0982,4.0691,2.4285,99.2866
11/7/2021,2.0964,0.9446,2.3779,3.9815,-23.6760
11/6/2021,0.9466,-1.3222,-0.9314,-2.4637,8.0171
11/5/2021,-1.3254,-1.4553,-0.7714,0.4025,-17.3658
11/4/2021,-1.4580,0.3264,-1.2238,-0.8298,-21.8724
11/3/2021,0.3522,6.1587,1.3809,4.0004,0.7013
11/2/2021,6.1379,0.7800,5.0592,3.1233,9.7517
11/1/2021,0.7764,-0.8003,-0.3794,-0.2871,3.4106
10/31/2021,-0.7659,-2.0776,-0.7858,-1.9001,12.2153
10/30/2021,-2.1082,3.0059,-0.6704,-0.4210,-36.6826
10/29/2021,3.0059,9.2657,3.9279,9.5444,-9.7286
10/28/2021,9.2549,-5.0488,-0.2282,-0.4530,-19.0841
10/27/2021,-5.0267,-2.1294,0.1778,-4.4930,91.3140
10/26/2021,-2.1425,3.3615,1.3512,0.6941,16.1775
10/25/2021,3.3585,-2.0658,1.2132,2.6249,-5.1652
10/24/2021,-2.0641,4.9827,0.3519,0.6868,4.2297
10/23/2021,4.9840,-2.0462,0.1254,1.0879,-25.6182
10/22/2021,-2.0527,-2.5627,-4.6440,-3.3027,-42.5640
10/21/2021,-2.5417,7.3193,4.7693,5.2012,51.5897
10/20/2021,7.3027,3.5056,7.3057,2.5840,53.9153
10/19/2021,3.4470,-2.6809,-0.1971,1.3012,-15.4978
10/18/2021,-2.5451,0.5510,-0.6522,0.5782,6.3825
10/17/2021,0.4682,-1.0726,-1.2570,-3.6777,3.0155
10/16/2021,-1.0176,2.0766,1.6011,1.8564,-26.8367
10/15/2021,2.0180,5.0724,2.2102,4.0959,3.4501
10/14/2021,5.0767,3.3308,5.7704,5.0422,25.1104
10/13/2021,3.3634,-1.4234,1.8811,0.3381,-8.6425
10/12/2021,-1.5560,3.7061,-2.1306,0.6820,-10.7356
10/11/2021,3.8076,-4.4647,0.6488,-0.8151,-10.9773
10/10/2021,-4.4533,0.4090,-0.7427,-3.7324,65.3681
10/9/2021,0.4152,-0.7513,-1.1515,0.1176,-31.9227
10/8/2021,-0.7412,0.3211,0.4978,1.8359,-17.4939
10/7/2021,0.2962,1.7091,0.6338,3.8233,-21.3057
10/6/2021,1.6533,3.9024,2.4390,-0.5860,58.1611
10/5/2021,3.9717,-0.9932,3.0407,2.8125,-19.7078
10/4/2021,-1.0078,0.8389,-1.4098,-2.1935,28.6715
10/3/2021,0.8371,2.4082,0.5055,2.4697,-17.4208
10/2/2021,2.4127,10.3098,4.1639,9.8636,-31.7412
10/1/2021,10.2826,5.2191,9.2626,4.7599,17.7406
9/30/2021,5.2285,1.5642,3.3434,1.9040,32.8417
9/29/2021,1.5752,-4.0632,-0.6965,-0.2422,-18.6794
9/28/2021,-4.0653,-4.4359,-6.1532,-4.6073,3.5803
9/27/2021,-4.4808,4.7696,1.6126,6.7924,-34.9398
9/26/2021,4.8232,-0.2090,4.9965,-2.5804,36.3417
9/25/2021,-0.2056,-7.1150,-6.1076,2.6510,-43.9374
9/24/2021,-7.1156,2.4407,-0.4608,-9.7465,106.7638
9/23/2021,2.4414,11.3245,2.7536,10.7780,-29.2824
9/22/2021,11.4524,-7.1216,-0.4484,3.0406,-33.5196
9/21/2021,-7.2085,-10.5691,-7.2415,-9.2757,4.0698
9/20/2021,-10.6055,-3.1267,-3.2303,-10.6983,180.1303
9/19/2021,-3.1097,1.0996,-2.3684,-2.6245,2.3009
9/18/2021,1.0981,-4.8004,-1.4671,0.5671,-19.7714
9/17/2021,-4.7845,-1.1713,-2.1913,-3.9045,282.0931
9/16/2021,-1.1758,5.3018,1.6718,3.7750,-75.2249
9/15/2021,5.3379,4.4361,5.3493,2.7735,9.7079
9/14/2021,4.3949,-3.6242,-0.0108,4.8819,-46.2433
9/13/2021,-3.6312,4.3106,-1.1604,-3.5029,66.2593
9/12/2021,4.3139,1.8060,3.7105,0.9199,9.9625
9/11/2021,1.8726,-6.2648,-4.7690,1.4615,-39.4256
9/10/2021,-6.3163,-2.1449,-1.4421,-7.0573,11.0092
9/9/2021,-2.0483,2.1776,0.1864,5.4116,39.6219
9/8/2021,2.1028,-12.7963,-9.8363,5.2363,-68.3935
9/7/2021,-12.8358,-0.5914,-0.5647,-20.8465,223.0616
9/6/2021,-0.5926,1.6678,-0.3270,0.8556,7.0572
9/5/2021,1.6898,-1.3470,0.3248,-0.2427,6.1901
9/4/2021,-1.3038,4.0308,-1.4053,3.4473,-43.9558
9/3/2021,3.9644,-1.0727,4.9819,-0.2001,29.2129
9/2/2021,-1.2143,11.5828,-0.1568,10.0035,-37.2500
9/1/2021,11.7173,6.2393,10.7426,6.0627,-2.6316
8/31/2021,6.3574,0.1800,3.6375,1.4564,57.2555
8/30/2021,0.1089,-0.6637,1.9350,-0.3100,50.1530
8/29/2021,-0.6702,-0.9109,-0.0722,-1.7723,38.0773
8/28/2021,-0.9067,5.8181,0.1418,4.8597,-44.4684
8/27/2021,5.8199,-4.1589,0.9327,0.1926,608.8315
8/26/2021,-4.1699,1.7625,0.0674,-0.7537,-87.1697
8/25/2021,1.7298,-4.5290,-3.2924,-2.2233,-6.6433
8/24/2021,-4.4052,2.5997,-0.5164,-2.5127,-9.2826
8/23/2021,2.4945,0.4417,3.1626,3.2912,45.7901
8/22/2021,0.4572,-1.8553,-1.0700,-2.2252,-2.7435
8/21/2021,-1.8345,3.1490,0.2112,0.6609,3.9793
8/20/2021,3.1207,5.5656,3.6054,7.3308,-12.4163
8/19/2021,5.5656,0.1427,1.9523,0.3727,12.4397
8/18/2021,0.0773,-4.2905,-5.0310,-1.4227,-29.1755
8/17/2021,-4.2276,-4.8456,-1.3253,-4.6119,23.3864
8/16/2021,-4.8724,1.3294,0.4704,0.7392,9.7444
8/15/2021,1.3533,-1.7365,-0.2935,-2.9323,18.8597
8/14/2021,-1.7379,9.1696,0.1158,5.7298,-17.2135
8/13/2021,9.1608,-3.7014,2.7269,1.8170,-17.6144
8/12/2021,-3.7947,0.6148,-1.0221,-4.5256,1.6324
8/11/2021,0.7307,-0.6940,1.1658,2.1201,-15.1679
8/10/2021,-0.7025,5.0112,1.4814,5.4704,-22.2222
8/9/2021,5.0085,-4.6360,-0.1145,-1.7093,15.2000
8/8/2021,-4.6210,9.2996,0.5915,2.8623,1827.8223
8/7/2021,9.2949,2.2053,7.5721,5.1921,-93.8830
8/6/2021,2.2008,3.7409,3.6466,7.5993,-35.7576
8/5/2021,3.7398,8.7285,2.7649,2.8912,34.1463
8/4/2021,8.7224,-3.8922,5.1314,0.6882,676.2701
8/3/2021,-3.8876,2.0320,-1.2497,-2.7062,-83.6762
8/2/2021,2.0268,0.9929,-1.1738,-0.0696,-19.1108
8/1/2021,0.9494,2.8386,5.6708,3.8634,136.6490
7/31/2021,2.8948,3.3811,3.4157,4.3476,-50.7689
7/30/2021,3.3609,3.5282,2.9065,2.2762,60.2489
7/29/2021,3.5588,-0.0326,2.3136,1.0204,-33.6646
7/28/2021,-0.0483,3.1373,1.0700,4.3341,-22.4848
7/27/2021,3.1706,1.8495,-4.5815,-0.9897,-33.8624
7/26/2021,1.8148,1.0503,10.7051,3.1156,140.1708
7/25/2021,1.7631,2.0235,1.5141,0.0964,-13.2476
7/24/2021,1.3298,4.9143,1.5322,5.3213,-5.6735
7/23/2021,4.8914,1.4990,4.2285,2.4566,-5.7186
7/22/2021,1.5087,11.6690,0.6775,11.0125,-32.4503
7/21/2021,11.6692,-1.7541,10.2779,2.2049,25.8333
7/20/2021,-1.7601,-3.8785,-3.9052,-4.7859,49.4806
7/19/2021,-3.9288,-0.3467,-3.6761,-3.9546,-3.2527
7/18/2021,-0.2929,1.1193,3.6730,1.5999,33.0783
7/17/2021,1.0531,-2.0973,-2.1635,-0.0243,0.6294
7/16/2021,-2.0347,-3.8862,-3.8599,-1.7185,-3.9438
7/15/2021,-3.8819,2.7957,1.0367,0.8756,-38.5657
7/14/2021,2.7784,-4.6489,-1.2053,-2.7163,46.2701
7/13/2021,-4.6371,-4.8774,-5.7663,-4.3830,32.9106
7/12/2021,-4.8734,1.3520,-0.2641,-3.5050,-25.4870
7/11/2021,1.3372,-1.6425,-0.8196,0.1535,-22.0032
7/10/2021,-1.6203,1.2311,0.2599,0.5973,-34.5549
7/9/2021,1.2107,-8.4690,-5.8924,-1.4232,-21.9780
7/8/2021,-8.4759,-0.2811,-3.3384,-8.7314,37.8788
7/7/2021,-0.2648,5.7594,2.3519,4.6591,-25.8427
7/6/2021,5.7628,-5.4400,1.0708,1.4382,116.2950
7/5/2021,-5.4691,4.4006,-2.6653,-2.6928,-40.7950
7/4/2021,4.4285,3.2569,6.6711,5.0643,8.5938
7/3/2021,3.2449,2.1792,3.6258,4.7555,-7.9137
7/2/2021,2.1654,-7.2948,-5.0967,-2.7826,-18.7135
7/1/2021,-7.2446,5.3829,-0.3033,-0.6242,-10.0000
6/30/2021,5.3333,3.5921,1.7704,0.6955,111.5672
6/29/2021,3.6302,5.1604,4.6210,5.7711,-58.9927
6/28/2021,5.2129,8.2396,8.1860,8.5315,17.1123
6/27/2021,8.1535,1.0986,7.0417,5.1922,-6.0302
6/26/2021,1.1074,-9.0081,-8.2812,-4.1344,20.6061
6/25/2021,-8.9772,1.0672,-0.8107,-4.9434,0.6098
6/24/2021,1.0542,4.8730,-0.4474,3.4641,-7.3446
6/23/2021,4.8879,-0.7229,2.4459,6.8139,-37.6761
6/22/2021,-0.7678,-15.7425,-11.6721,-8.6216,5.5762
6/21/2021,-15.7176,3.5983,-0.8332,-8.6409,89.4366
6/20/2021,3.5511,-2.8360,0.0057,-5.5038,31.4815
6/19/2021,-2.8087,-6.0103,-4.2043,0.9987,38.6767
6/18/2021,-5.9913,0.1824,-3.3545,-7.2037,-26.5292
6/17/2021,0.1833,-6.9397,-3.6444,-1.8766,-22.6277
6/16/2021,-6.9403,-1.4360,-3.2518,-6.3346,-29.7436
6/15/2021,-1.4585,2.9073,1.1888,1.8147,8.9385
6/14/2021,2.9187,5.9024,2.3160,6.7324,10.4938
6/13/2021,5.9025,0.7327,4.0792,2.2629,-10.0000
6/12/2021,0.7238,-4.8011,-1.8224,-2.7282,206.5500
6/11/2021,-4.7984,-5.2699,-4.6638,-4.4483,-54.4822
6/10/2021,-5.2282,3.9711,-0.2015,0.9982,-44.3966
6/9/2021,3.8070,-3.2506,0.0779,3.7804,2985.9271
6/8/2021,-3.1620,-4.4739,-7.8857,-10.0959,-97.5023
6/7/2021,-4.4600,3.2373,3.6212,-1.2714,297.9586
6/6/2021,3.2210,-2.2434,-2.5050,2.2888,-70.3388
6/5/2021,-2.1411,-5.8769,-1.4916,-0.0676,3.2389
6/4/2021,-5.8475,5.6036,-1.1270,-4.0759,126.6055
6/3/2021,5.4414,2.7076,3.1485,4.3646,-58.0769
6/2/2021,2.7502,-2.7401,2.2924,0.9942,6.1224
6/1/2021,-2.7617,13.4487,0.8935,10.9813,-13.4276
5/31/2021,13.5103,4.8292,10.0631,4.4681,1.0714
5/30/2021,4.8342,-5.5857,-3.9565,-1.1453,-4.7619
5/29/2021,-5.7251,-12.0592,-6.9833,-5.3686,-9.8160
5/28/2021,-11.7545,-4.9438,-4.3557,-11.6042,36.4017
5/27/2021,-5.1576,6.6279,-0.7736,-0.3580,-10.1504
5/26/2021,6.6382,2.2068,5.8555,10.8544,-18.9024
5/25/2021,2.2027,25.9825,3.0103,14.7986,1.2346
5/24/2021,25.9572,-8.3474,12.0724,19.5964,-7.9545
5/23/2021,-8.3025,-5.7709,-4.0777,-19.5544,24.8227
5/22/2021,-5.8160,-12.0638,-15.3701,2.4353,-33.3333
5/21/2021,-12.4009,13.5554,-1.9026,-2.4027,-2.3095
5/20/2021,14.0354,-27.8308,-12.9729,12.5452,-32.5545
5/19/2021,-27.8859,2.9178,-3.5003,-40.7614,179.1304
5/18/2021,2.9841,-8.4219,-0.6616,3.6679,-19.2982
5/17/2021,-8.4430,-1.6873,-7.6068,-6.6171,25.0000
5/16/2021,-1.6347,-10.5753,-6.1208,-7.8920,17.5258
5/15/2021,-10.6427,9.5474,-1.0013,-1.5001,-5.8252
5/14/2021,9.5644,-2.3123,3.4665,4.3667,-35.8255
5/13/2021,-2.4175,-8.7720,-7.6524,-6.6995,15.4676
5/12/2021,-8.5420,5.6969,4.5139,0.3250,118.8976
5/11/2021,5.5695,0.6418,-0.6292,3.0524,-52.9630
5/10/2021,0.6545,0.4555,5.6337,-1.7298,39.1753
5/9/2021,0.4271,12.2386,0.6803,8.1390,44.7761
5/8/2021,12.1891,-0.3157,10.3127,2.6701,-0.7407
5/7/2021,-0.2379,-0.9058,-0.5067,-0.5041,-10.5960
5/6/2021,-0.9436,7.2597,1.7174,4.6995,-19.2513
5/5/2021,7.1820,-4.2330,0.6950,1.2531,-31.7518
5/4/2021,-4.1599,16.2508,1.8804,8.0957,18.1034
5/3/2021,16.2368,0.1708,15.6447,3.3618,78.4615
5/2/2021,0.1926,6.2321,1.1105,3.6505,-13.9073
5/1/2021,6.1988,0.5531,5.5093,1.0114,-0.6579
4/30/2021,0.5592,0.3827,0.0032,2.0851,-7.8788
4/29/2021,0.3940,3.0264,1.3951,4.1990,-5.1724
4/28/2021,3.0504,5.3242,3.0277,3.1516,20.0000
4/27/2021,5.2157,9.0682,5.4394,7.7395,-18.9944
4/26/2021,9.3521,4.6635,7.8380,6.2703,75.4902
4/25/2021,4.5376,-6.3413,-0.5179,0.4774,-36.6460
4/24/2021,-6.3946,-1.3172,-2.9813,1.9035,-53.4682
4/23/2021,-1.4073,1.6366,-7.6724,-8.3944,9.1483
4/22/2021,1.7066,1.2214,7.1116,3.3648,50.9524
4/21/2021,1.2293,7.9026,5.2162,8.7536,12.9032
4/20/2021,7.9380,-3.3558,3.0454,-1.1195,-2.1053
4/19/2021,-3.4213,-3.5282,-2.6795,6.7919,-31.1594
4/18/2021,-3.5008,-4.3826,-6.2311,-15.7809,59.5376
4/17/2021,-4.3270,-3.5963,-1.9890,0.5134,-16.8269
4/16/2021,-3.6210,3.3561,0.1039,-4.1806,8.9005
4/15/2021,3.3995,5.8128,3.9462,5.3149,-9.4787
4/14/2021,5.7232,7.5647,5.6114,6.7868,-11.3445
4/13/2021,7.5835,-0.6156,5.2716,1.5572,10.1852
4/12/2021,-0.6326,0.7920,1.6057,-0.5117,9.6447
4/11/2021,0.8262,3.2231,-1.5002,2.7363,-5.7416
4/10/2021,3.2347,-0.6221,4.6005,0.3824,-15.3846
4/9/2021,-0.6245,6.0007,0.8152,5.0496,42.7746
4/8/2021,6.0394,-7.0995,-2.0754,0.6285,-24.7826
4/7/2021,-7.1072,0.1707,-1.0475,-5.2670,19.1710
4/6/2021,0.2431,1.5736,1.0757,2.1671,-16.4502
4/5/2021,1.4678,3.4027,1.7491,1.1125,45.2830
4/4/2021,3.3531,-5.9419,-2.1692,-1.1175,-20.8955
4/3/2021,-5.9010,8.4619,-0.2999,2.7903,-18.6235
4/2/2021,8.4651,2.5693,8.0788,2.7728,18.7500
4/1/2021,2.6053,4.2265,1.9759,6.9151,-19.6911
3/31/2021,4.1814,1.3259,4.7237,-0.7794,-14.5215
3/30/2021,1.3387,7.7089,0.9916,6.5670,56.1856
3/29/2021,7.7004,-1.5185,6.6485,0.9904,48.0916
3/28/2021,-1.5301,0.8365,-0.4036,-0.3119,-6.4286
3/27/2021,0.8483,7.0804,1.9102,5.0962,-14.6341
3/26/2021,7.0632,0.2610,4.8078,2.3334,6.4935
3/25/2021,0.2629,-5.1660,-6.8110,0.2347,-18.0851
3/24/2021,-5.1274,-0.7779,1.1517,-6.5085,28.7671
3/23/2021,-0.8601,-5.7233,-4.7940,-0.3098,-7.5949
3/22/2021,-5.6819,-1.1648,-0.5083,-5.1010,10.4895
3/21/2021,-1.1570,-0.2482,-2.7964,-2.9490,5190.4181
3/20/2021,-0.2785,1.8706,1.0390,3.8135,-97.7475
3/19/2021,1.8896,-2.6238,-0.0189,-1.4431,-21.5686
3/18/2021,-2.5925,1.0618,0.6176,0.9870,2.0000
3/17/2021,1.0250,0.6964,1.1297,1.6113,-17.1271
3/16/2021,0.6957,-3.0354,-3.8739,-1.6659,6.4706
3/15/2021,-3.0653,-3.8053,-2.1616,-4.9946,153.1419
3/14/2021,-3.7514,8.7287,-0.5660,6.1440,-62.4827
3/13/2021,8.7288,-3.3046,5.5491,0.4225,17.7632
3/12/2021,-3.2255,1.8481,-0.2238,-0.3395,-3.7975
3/11/2021,1.7641,-4.0143,-1.6343,-1.7306,-4.8193
3/10/2021,-4.0105,2.0611,0.3681,-2.3200,5.0633
3/9/2021,2.0535,6.0446,1.5236,8.1505,-19.7970
3/8/2021,5.9829,4.6174,6.2447,1.8847,16.5680
3/7/2021,4.7848,7.8877,3.7623,7.9300,-18.3575
3/6/2021,7.7698,-0.6163,7.8323,4.9400,23.9521
3/5/2021,-0.5407,-1.7929,-4.6202,-4.2167,-1.7647
3/4/2021,-2.0649,5.3090,-1.7731,1.9720,45.2991
3/3/2021,5.5373,-5.1720,3.1776,1.4068,-32.7586
3/2/2021,-5.1853,10.6483,1.9718,3.2355,-9.3750
3/1/2021,10.6621,-2.7371,7.0441,9.0177,-7.2464
2/28/2021,-2.7534,0.9096,-3.9229,-9.2744,32.6923
2/27/2021,0.9333,-2.1046,-2.1752,1.6996,-26.7606
2/26/2021,-2.0804,-9.0524,-6.4448,-3.9441,21.7143
2/25/2021,-9.0878,2.8823,-2.4498,-2.9798,-20.0913
2/24/2021,2.8895,-11.1959,-3.9451,9.8756,-39.1667
2/23/2021,-11.2065,-8.0822,-7.9378,-12.2451,34.3284
2/22/2021,-8.0773,1.0742,-2.0228,-17.1830,82.3129
2/21/2021,1.0225,-2.1769,-3.2242,4.7611,-35.8079
2/20/2021,-2.1329,1.1049,3.6497,-4.8978,28.6517
2/19/2021,1.1080,4.5526,0.9687,2.3607,101.8438
2/18/2021,4.6652,3.8458,5.1784,6.6257,-47.8183
2/17/2021,3.7189,0.1580,1.4756,0.4268,14.1892
2/16/2021,0.1613,-1.2201,-0.4598,3.9546,-23.7113
2/15/2021,-1.2743,-0.8174,-0.7832,-7.0516,35.6643
2/14/2021,-0.7552,-1.3830,-1.1414,1.1925,-0.6944
2/13/2021,-1.3867,3.0312,0.4935,1.4365,-17.7143
2/12/2021,3.0604,2.5618,2.4476,2.1156,12.1795
2/11/2021,2.5406,-1.6207,-0.9655,1.2741,-22.3881
2/10/2021,-1.6119,1.1782,0.9049,-1.6291,3.6082
2/9/2021,1.1685,8.5066,2.4686,9.2548,-10.5991
2/8/2021,8.5053,-3.7957,4.8946,5.0111,11.8557
2/7/2021,-3.7957,-2.4716,-2.9038,-9.4871,8.9888
2/6/2021,-2.4762,7.8549,-0.9767,3.6966,-1.1111
2/5/2021,7.8545,-4.2231,3.9235,1.1990,-23.0769
2/4/2021,-4.2263,10.0684,1.5414,3.9847,3.0837
2/3/2021,10.1220,10.0960,7.8254,10.9163,-16.8498
2/2/2021,10.0451,4.6180,12.3827,7.0388,65.4545
2/1/2021,4.6217,-4.6738,-0.2609,-0.8047,7.1429
1/31/2021,-4.6646,-0.1979,-1.8310,-3.4083,-3.1447
1/30/2021,-0.1697,3.8084,-2.1229,3.0584,-52.2523
1/29/2021,3.8262,6.5314,5.6462,5.4956,308.9352
1/28/2021,6.4803,-8.6719,-0.9327,0.8881,-71.9203
1/27/2021,-8.6842,3.6785,-0.4086,-2.8922,13.2813
1/26/2021,3.6702,-5.2506,-6.5601,-3.9811,-7.5812
1/25/2021,-5.2061,12.7516,5.4850,6.2178,20.4348
1/24/2021,12.7193,-0.0753,9.9359,2.1054,57.5342
1/23/2021,-0.0956,10.4051,-0.0943,14.5375,-50.3401
1/22/2021,10.4938,-18.8454,-8.2558,-4.5870,6.5217
1/21/2021,-18.8889,0.4103,-1.3629,-11.4777,-9.5082
1/20/2021,0.4031,9.0533,-2.1469,-1.2049,34.3612
1/19/2021,9.0568,1.9588,14.0538,5.7602,31.2139
1/18/2021,2.0622,0.4559,-0.6864,1.3489,-19.5349
1/17/2021,0.3558,4.7956,-1.6972,1.2435,-6.1135
1/16/2021,4.8298,-4.9638,2.7696,6.9358,-19.6491
1/15/2021,-4.4439,9.2612,0.7709,-0.8571,83.8710
1/14/2021,8.6587,7.4843,9.8585,9.8450,-31.1111
1/13/2021,7.4529,-3.3819,-1.2644,-1.7178,-27.1845
1/12/2021,-3.7821,-13.4476,-8.5986,9.8392,-26.2530
1/11/2021,-13.1023,-1.5699,-6.7271,-22.2364,58.1132
1/10/2021,-1.5319,4.9304,3.5514,0.6875,33.1658
1/9/2021,4.9230,-0.6869,2.4129,9.6460,-26.5683
1/8/2021,-0.7040,1.2923,-1.2224,-7.2709,0.0000
1/7/2021,1.3728,9.9057,6.2794,8.7134,-27.7333
1/6/2021,9.8452,5.4955,7.0010,8.5740,15.3846
1/5/2021,5.4797,6.6192,-2.3060,9.2447,-37.3796
1/4/2021,6.9161,26.2375,14.8519,16.2000,29.1045
1/3/2021,25.8838,6.2469,28.1013,7.6096,78.6667
1/2/2021,6.2239,-0.9336,5.1138,-0.0824,37.1951
1/1/2021,-0.9267,-2.1345,-0.8171,-1.2323,57.6923
12/31/2020,-2.1096,2.7157,-0.2615,0.6193,-44.0860
12/30/2020,2.7386,0.2437,2.3440,4.3420,2.1978
12/29/2020,0.2342,6.8006,-1.0818,1.1385,-33.8182
12/28/2020,6.7777,7.4503,4.5286,8.8261,19.0476
12/27/2020,7.4036,1.4928,9.6726,1.7986,19.0722
12/26/2020,1.5392,2.3858,2.9121,1.8231,14.1176
12/25/2020,2.3827,4.5963,3.0866,6.8639,-1.1628
12/24/2020,4.5502,-8.0953,-3.6342,2.1765,-21.8182
12/23/2020,-8.1227,4.8004,0.1004,-5.8055,3.7736
12/22/2020,4.8729,-4.7659,-1.6053,-1.9551,12.7660
12/21/2020,-4.7645,-2.9660,-1.9923,-3.6022,-10.9005
12/20/2020,-3.0251,0.5672,-1.2695,-3.6414,-2.7650
12/19/2020,0.6607,1.6789,0.7949,2.4538,-17.4905
12/18/2020,1.6605,0.9399,-1.6901,0.4909,-28.3379
12/17/2020,0.9084,8.2336,5.8761,7.9979,18.0064
12/16/2020,8.2305,0.4418,6.9032,0.1638,78.7356
12/15/2020,0.4640,-0.7517,0.9401,0.6840,-2.2472
12/14/2020,-0.8290,3.9766,-0.5750,2.2436,-12.3153
12/13/2020,4.1055,4.3939,3.7030,3.5797,25.3086
12/12/2020,4.3387,-2.5065,2.3756,1.3925,-94.6304
12/11/2020,-2.5012,-2.6392,-2.6548,-2.2878,53.9286
12/10/2020,-2.6308,3.3030,-0.4118,3.4113,115.3846
12/9/2020,3.2718,-6.1046,-2.8313,-3.6655,12.2072
12/8/2020,-6.0972,-1.7472,-1.3730,-5.7225,5.0518
12/7/2020,-1.7601,0.8263,-0.6327,0.1473,-41.2481
12/6/2020,0.8380,5.0666,1.7043,3.9965,-57.3792
12/5/2020,5.0659,-7.8675,-3.6926,-0.9005,-37.0174
12/4/2020,-7.8547,3.0756,-0.4003,-3.5442,103.9583
12/3/2020,3.0549,2.0916,2.9387,2.0704,48.0568
12/2/2020,2.1156,-5.0407,-4.9272,1.3121,-67.1995
12/1/2020,-4.9130,7.2008,3.1966,-0.5691,-4.4470
11/30/2020,7.0328,6.9642,6.8428,7.5993,793.2642
11/29/2020,7.0127,3.6996,5.2159,4.6827,8.4270
11/28/2020,3.7888,-0.1905,3.3050,2.4906,-16.8224
11/27/2020,-0.2330,-8.7767,-8.0873,2.1941,-51.0297
11/26/2020,-8.8385,-5.8379,-4.7141,-12.8376,-9.5862
11/25/2020,-5.8443,-0.6878,-2.5848,-5.8077,-64.7288
11/24/2020,-0.6878,8.9082,1.8629,6.8431,-17.2504
11/23/2020,8.9060,1.3535,5.2293,7.2623,35.1469
11/22/2020,1.3571,8.2284,5.0477,1.8411,36.8578
11/21/2020,8.2219,8.2055,7.6151,7.2347,-12.9335
11/20/2020,8.2278,-1.5213,6.7652,1.2140,146.2091
11/19/2020,-1.5276,-0.7261,-2.9270,1.1937,-31.1160
11/18/2020,-0.7117,4.7093,2.1565,0.0392,129.3821
11/17/2020,4.6739,2.7199,3.9960,3.1223,41.1032
11/16/2020,2.7218,-2.7282,0.6567,1.2215,-39.8287
11/15/2020,-2.7068,-3.2810,-3.0188,-2.6867,1.8539
11/14/2020,-3.2732,2.9766,-0.0921,-1.1035,-6.9036
11/13/2020,2.9683,-0.1554,1.7484,1.1515,5.5734
11/12/2020,-0.1662,2.9028,-1.3674,0.6518,-38.3344
11/11/2020,2.9119,1.3232,4.7642,2.2776,-27.1195
11/10/2020,1.3256,-2.2374,-0.8898,1.0461,-28.0416
11/9/2020,-2.2763,4.4007,-0.3434,0.5804,498.5477
11/8/2020,4.4281,-4.4736,-1.6650,1.6143,-38.0463
11/7/2020,-4.4589,9.4073,2.2041,2.5272,19.1424
11/6/2020,9.3824,3.5006,9.0132,4.6966,-7.2443
11/5/2020,3.5903,3.6757,2.9517,5.1005,14.1005
11/4/2020,3.6786,1.1964,4.5951,1.6875,-8.3210
11/3/2020,1.1446,-3.2312,-3.4799,-2.1549,-28.6320
11/2/2020,-3.2199,2.6116,1.6913,-1.5093,70.8333
11/1/2020,2.5542,0.9274,0.8401,1.1589,-14.0187
10/31/2020,1.0486,-1.1236,0.5179,1.6481,128.4698
10/30/2020,-1.1247,-0.2807,-0.3432,-1.8793,-7.5658
10/29/2020,-0.3555,-3.6863,-3.6192,0.0052,-69.4779
10/28/2020,-3.7232,2.3304,-0.4270,-2.4071,58.3466
10/27/2020,2.2938,-3.0803,-0.1364,2.0120,-30.5740
10/26/2020,-2.9501,-1.4523,-1.5969,-5.1343,197.0492
10/25/2020,-1.4153,0.9423,0.1898,-0.9295,13.8060
10/24/2020,0.8323,-1.3354,-0.6752,1.1988,-67.2372
10/23/2020,-1.3356,5.8075,-0.2404,2.9907,-35.3360
10/22/2020,5.8410,6.2030,4.9356,6.2897,-7.0536
10/21/2020,6.2033,-2.7702,5.3191,0.2451,82.4397
10/20/2020,-2.8587,0.3123,-0.9975,-1.4917,8.9051
10/19/2020,0.3653,2.5067,1.4479,1.4094,46.3675
10/18/2020,2.4903,0.9669,2.3112,1.2005,-6.0241
10/17/2020,0.9475,-3.3157,-2.5448,0.1461,-34.3874
10/16/2020,-3.2534,-0.3589,-0.3073,-2.0897,-4.2875
10/15/2020,-0.4484,-0.5694,-1.6378,-0.8645,-1.8564
10/14/2020,-0.5456,-1.4251,0.0129,-0.2536,2.0202
10/13/2020,-1.4094,3.2720,-1.9058,2.3276,-23.7729
10/12/2020,3.3379,1.1100,4.5882,-0.8613,99.0421
10/11/2020,1.0887,1.3771,-0.1852,1.2782,-27.1967
10/10/2020,1.3360,4.1459,2.6562,4.8157,-8.6624
10/9/2020,4.1188,2.6488,4.3179,3.8920,14.5985
10/8/2020,2.7381,0.3142,2.9970,0.2035,18.7175
10/7/2020,0.2554,-3.6602,-3.4432,-0.9193,-21.1749
10/6/2020,-3.5864,0.2382,0.0113,-3.3117,47.5806
10/5/2020,0.1559,2.0515,0.2514,1.3749,3.9832
10/4/2020,2.0631,-0.0521,0.8347,0.0844,6.4732
10/3/2020,-0.0231,-2.0620,-0.7268,2.3310,-38.3769
10/2/2020,-2.0931,-1.7914,-4.1967,-2.8207,-8.3228
10/1/2020,-1.7585,-0.0750,2.2608,-2.0266,46.0405
9/30/2020,-0.1306,1.6386,0.0776,0.3784,-13.2588
9/29/2020,1.6324,-0.9653,-1.8959,-0.3092,-19.4337
9/28/2020,-0.8818,0.8920,1.5552,1.4561,22.3622
9/27/2020,0.8412,0.7508,1.7225,0.1614,-2.0062
9/26/2020,0.7451,0.7132,-0.5394,2.6449,-23.4947
9/25/2020,0.7045,9.1134,1.4748,6.5370,-9.8936
9/24/2020,9.1327,-6.9746,2.4643,0.5483,-32.2767
9/23/2020,-6.9994,0.7735,-0.5979,-6.1312,49.4080
9/22/2020,0.7999,-8.0223,-7.7663,1.4303,-18.5802
9/21/2020,-8.0351,-3.6955,-2.6077,-9.3220,56.3014
9/20/2020,-3.6677,0.2811,-0.4134,-3.2174,8.3086
9/19/2020,0.2733,-1.3149,-1.3309,0.4843,-24.6927
9/18/2020,-1.2263,6.7498,-0.4442,3.3751,-30.3502
9/17/2020,6.6022,0.2308,5.6533,2.3537,41.8322
9/16/2020,0.2390,-3.3953,-2.3030,-1.9923,0.0000
9/15/2020,-3.3687,2.9544,-0.6042,1.3593,-12.3791
9/14/2020,3.0051,-5.7130,-1.4172,1.0428,-0.3854
9/13/2020,-5.7400,3.8315,0.3581,-3.3329,-9.6606
9/12/2020,3.8157,1.5901,3.6618,2.7134,-8.3001
9/11/2020,1.5764,4.7821,-0.6659,1.5733,-24.0606
9/10/2020,4.7907,4.0420,5.1880,5.9616,17.2708
9/9/2020,4.0420,-4.1470,0.7422,1.3653,-25.8693
9/8/2020,-4.1470,-0.4045,-0.4590,0.3656,-12.4942
9/7/2020,-0.4045,5.5478,-0.2122,2.7724,7.7496
9/6/2020,5.5478,-13.2223,-9.1419,0.8149,-43.0068
9/5/2020,-13.2223,1.0393,-1.3664,-14.6896,40.1587
9/4/2020,1.0393,-13.0186,-14.3268,-2.3263,-24.9777
9/3/2020,-13.0067,-7.6894,-3.0273,-10.9318,11.4466
9/2/2020,-7.7175,9.6407,-1.4911,-1.4873,189.2514
9/1/2020,9.6566,1.1847,11.2899,2.7011,32.0659
8/31/2020,1.1752,7.5251,2.1230,4.9891,18.2909
8/30/2020,7.5376,0.8803,5.9330,1.6583,27.5335
8/29/2020,0.9339,3.1736,1.9842,3.2043,-15.0974
8/28/2020,3.1323,-0.7255,0.2926,1.9515,-12.3755
8/27/2020,-0.7384,0.7308,0.9857,-1.3505,5.0822
8/26/2020,0.7203,-6.0053,-4.0120,1.9519,-19.2029
8/25/2020,-6.0093,4.3064,-0.2804,-4.4425,23.7668
8/24/2020,4.4046,-1.2008,3.3278,1.0954,24.8134
8/23/2020,-1.2792,1.9327,0.0227,0.9106,-20.3566
8/22/2020,1.9511,-6.7276,-5.2183,-1.3629,-11.6798
8/21/2020,-6.7444,2.1257,-0.0477,-4.3669,22.3114
8/20/2020,2.1132,-3.4850,-1.8118,2.1013,-26.1848
8/19/2020,-3.4868,-1.9808,-1.6142,-5.0403,3.1785
8/18/2020,-1.9509,-0.6895,-2.5199,-1.2503,4.4700
8/17/2020,-0.7080,0.3239,1.8966,1.8126,11.5385
8/16/2020,0.3355,-1.3286,-1.3824,-3.6222,-3.4388
8/15/2020,-1.3355,3.2431,-0.2344,2.4811,-16.1476
8/14/2020,3.2335,9.5906,3.1162,10.8059,-27.9900
8/13/2020,9.6068,2.1423,10.5650,2.8661,40.1630
8/12/2020,2.1398,-4.1692,-2.2405,-0.0898,-9.0042
8/11/2020,-4.1767,1.3582,-0.2305,-4.9347,17.8527
8/10/2020,1.3582,-1.6533,-0.2200,0.5568,61.1670
8/9/2020,-1.6458,4.5341,0.7964,2.1069,0.6073
8/8/2020,4.5288,-3.8576,-0.3441,2.7126,-40.7674
8/7/2020,-3.8650,-1.4970,-1.2501,-6.4416,5.3030
8/6/2020,-1.4871,2.8695,-0.9191,1.7748,-9.3822
8/5/2020,2.8669,0.9744,1.2214,0.9284,-11.1789
8/4/2020,0.9902,3.6534,1.0761,3.4848,-0.8065
8/3/2020,3.6874,-3.8461,-4.1799,9.7391,-39.4383
8/2/2020,-3.8901,11.7381,5.7879,-2.2049,48.5041
8/1/2020,11.7255,3.4763,12.3175,4.3493,26.9275
7/31/2020,3.4760,5.3652,2.4127,4.5072,-4.1896
7/30/2020,5.3647,0.2650,4.9795,0.7005,4.0138
7/29/2020,0.2713,-1.5133,-0.4900,2.0366,-12.0081
7/28/2020,-1.5040,3.4392,-1.8162,-1.4918,-27.8223
7/27/2020,3.4294,1.8996,4.4045,3.5661,49.4015
7/26/2020,1.9029,9.3044,3.2310,7.5180,6.9849
7/25/2020,9.3044,1.4528,7.5119,4.0180,19.8047
7/24/2020,1.4491,4.5729,2.6759,3.0073,-18.4300
7/23/2020,4.5807,7.2290,4.9208,7.7763,31.5868
7/22/2020,7.2293,3.9983,8.0855,2.6393,6.2003
7/21/2020,3.9941,-1.2258,2.8284,0.4946,17.3507
7/20/2020,-1.2175,1.4042,0.0042,0.4971,-18.9107
7/19/2020,1.3828,1.2673,1.2118,0.4088,14.1623
7/18/2020,1.2889,-0.3766,0.9807,0.2415,-1.5306
7/17/2020,-0.3852,-2.0828,-2.0629,0.6075,-11.3122
7/16/2020,-2.0828,-0.7776,-0.7831,-2.7843,-9.7959
7/15/2020,-0.7817,0.3087,-0.2974,-0.0717,3.9604
7/14/2020,0.3212,-1.2724,-1.2080,-0.2103,-15.0240
7/13/2020,-1.2441,1.5217,0.5127,0.3377,22.1733
7/12/2020,1.4841,-0.8333,0.8898,-0.3575,6.0748
7/11/2020,-0.8539,-0.3306,-0.2189,0.6647,-6.1404
7/10/2020,-0.3140,-1.9925,-2.2049,-0.8771,-24.1685
7/9/2020,-2.0122,3.2057,-0.4543,0.1176,-30.5085
7/8/2020,3.2351,-0.9521,2.1895,1.3111,107.3482
7/7/2020,-0.9563,5.9706,0.7408,3.4434,-33.7566
7/6/2020,5.9567,-0.4976,5.1523,1.4791,74.6765
7/5/2020,-0.5106,1.7771,-0.2604,-0.4493,-0.7339
7/4/2020,1.7902,-0.5874,0.9906,0.0133,4.8077
7/3/2020,-0.5742,-1.9657,-1.6807,0.5547,-28.5714
7/2/2020,-1.9615,2.3713,-0.1850,-0.3566,15.3724
7/1/2020,2.3578,-0.9961,1.7063,0.4928,12.6786
6/30/2020,-0.9830,1.2395,-0.5482,0.7356,-17.6471
6/29/2020,1.2351,1.8184,0.9177,1.4373,15.0592
6/28/2020,1.8230,-3.7655,-1.5391,0.6218,-18.0305
6/27/2020,-3.7489,-1.2254,-0.9422,-4.8431,3.5920
6/26/2020,-1.2427,-0.9286,-0.7608,0.0746,7.4074
6/25/2020,-0.9329,-3.4745,-5.5932,-1.5417,-29.0252
6/24/2020,-3.4745,-0.0164,1.8221,-3.8931,76.9380
6/23/2020,-0.0206,6.6328,-0.6575,5.8193,-34.9306
6/22/2020,6.6278,-0.3321,6.5793,0.1363,93.4146
6/21/2020,-0.3190,-0.1048,0.0953,0.4861,-9.6916
6/20/2020,-0.1091,-0.9639,-0.4225,-0.3040,-18.3453
6/19/2020,-0.9639,-1.0733,-1.1718,-0.5085,12.0968
6/18/2020,-1.0860,-0.6458,-0.7863,-0.2187,-16.4983
6/17/2020,-0.6288,1.9271,0.2543,-0.1572,-15.5050
6/16/2020,1.9183,-0.4612,1.1185,4.5330,-30.9430
6/15/2020,-0.4698,-2.6193,-2.1553,-4.9714,76.1246
6/14/2020,-2.6026,0.2863,-0.0545,-1.8479,9.6774
6/13/2020,0.2863,2.9603,-0.2592,2.7294,-28.2016
6/12/2020,2.9604,-6.8889,-4.2199,0.7092,-40.8065
6/11/2020,-6.8892,1.6283,0.1042,-6.4031,62.5164
6/10/2020,1.6241,-0.9627,0.0241,0.9826,11.2245
6/9/2020,-0.9586,0.6665,0.9469,-0.4642,4.7328
6/8/2020,0.6624,1.0579,0.8859,2.4890,-19.1358
6/7/2020,1.0579,0.7200,0.2086,-1.2333,22.3565
6/6/2020,0.7368,-1.2738,-1.2404,-0.5507,-14.5806
6/5/2020,-1.2902,-0.4744,0.4424,1.2760,-11.4286
6/4/2020,-0.4703,2.7869,0.6741,1.2145,7.3620
6/3/2020,2.7654,-4.0764,-3.3372,2.5839,-35.7762
6/2/2020,-4.0448,6.9931,1.3610,-1.2562,6.0150
6/1/2020,6.9712,-4.8557,1.8261,0.2345,-3.7007
5/31/2020,-4.8516,10.4097,-0.4948,5.2317,-13.3194
5/30/2020,10.4097,0.2362,9.8120,0.4682,16.0194
5/29/2020,0.2180,5.7349,1.9017,6.3724,-1.1990
5/28/2020,5.7642,3.5872,5.8363,1.9617,21.6926
5/27/2020,3.5721,-1.5382,1.6008,1.7993,-1.5326
5/26/2020,-1.5333,2.0701,-0.3017,-0.6396,-1.7874
5/25/2020,2.0803,-3.2228,-2.3194,-0.7001,-10.5971
5/24/2020,-3.2185,-0.3376,-0.2985,-2.4394,19.9798
5/23/2020,-0.3521,4.3270,0.9520,4.2150,-18.3017
5/22/2020,4.3270,-5.3571,-1.2005,2.3788,-15.5292
5/21/2020,-5.3526,-2.1070,-1.7187,-7.2067,17.8015
5/20/2020,-2.1071,-0.1675,-0.2178,-1.3156,-12.6791
5/19/2020,-0.1675,3.8068,-0.5760,1.3478,-21.2634
5/18/2020,3.8019,3.2367,3.4368,3.6192,12.3574
5/17/2020,3.2367,2.9048,3.2838,3.2510,1.6753
5/16/2020,2.9048,-4.1517,-0.4411,0.4517,-6.6185
5/15/2020,-4.1564,1.8589,-0.8746,-1.8348,-19.9036
5/14/2020,1.8639,5.1417,2.4898,4.0405,18.7750
5/13/2020,5.1306,2.1526,4.5720,1.5672,12.1309
5/12/2020,2.0865,-1.0385,-0.6313,4.6497,-41.7352
5/11/2020,-0.9692,-10.6665,-8.0546,-1.8096,-25.6809
5/10/2020,-10.6745,-0.6053,-2.0093,-13.4703,72.1531
5/9/2020,-0.5817,-0.2500,-0.8963,0.7624,-9.4454
5/8/2020,-0.2594,6.5059,1.1402,5.0111,-13.5904
5/7/2020,6.5113,-3.0727,1.6048,-0.7194,11.1527
5/6/2020,-3.0775,-0.5954,-0.3360,-1.4672,14.1568
5/5/2020,-0.6050,-1.5535,0.3323,3.3291,-22.6387
5/4/2020,-1.5346,-1.9209,-3.7076,-4.9878,17.6903
5/3/2020,-1.9303,0.9245,1.6686,-2.3799,26.2698
5/2/2020,0.9245,2.7978,-0.8480,2.1596,-20.6672
5/1/2020,2.8028,-4.2661,-4.4307,1.7128,-34.9126
4/30/2020,-4.2618,9.6006,3.9987,3.1255,7.8795
4/29/2020,9.5904,0.2141,10.5362,2.0679,50.7107
4/28/2020,0.2090,-0.6182,-0.6489,0.8383,-6.5152
4/27/2020,-0.6131,1.7216,-0.2509,-0.8571,0.8647
4/26/2020,1.7216,3.4334,0.9881,3.4887,5.7613
4/25/2020,3.4279,1.1268,4.2360,0.4536,10.2319
4/24/2020,1.1431,1.5105,-1.5956,3.7247,-30.9433
4/23/2020,1.4996,6.9852,4.7303,5.0668,20.6636
4/22/2020,6.9852,0.2465,5.2900,0.9625,0.7617
4/21/2020,0.2289,-5.4131,-6.3144,0.4776,-29.8397
4/20/2020,-5.4017,-3.9206,-1.0572,-5.4897,44.7357
4/19/2020,-3.9050,9.8693,-0.5232,3.8861,-5.9798
4/18/2020,9.8576,-0.9807,8.4231,1.2222,23.4414
4/17/2020,-0.9750,12.7011,0.1377,13.1892,-39.2240
4/16/2020,12.6946,-3.4905,8.2081,-2.3157,59.3720
4/15/2020,-3.5027,1.3239,-0.3157,-1.9805,-2.3585
4/14/2020,1.3237,-1.5117,1.7123,3.2669,-16.2055
4/13/2020,-1.4805,0.3667,-3.5812,-2.9452,11.9469
4/12/2020,0.3477,0.2091,2.0946,0.7532,18.5107
4/11/2020,0.2027,-6.9665,-5.1323,0.9769,-32.7337
4/10/2020,-6.9661,-1.9305,-1.7898,-8.0706,37.2217
4/9/2020,-1.9191,5.0392,-0.5912,1.3315,-15.0144
4/8/2020,5.0331,-3.7178,-0.8818,0.6022,-32.0760
4/7/2020,-3.7121,19.9818,2.6512,14.1705,-5.5424
4/6/2020,19.9748,-1.0067,17.8852,1.2141,108.5305
4/5/2020,-0.9930,2.0548,-0.3088,1.0620,-8.0000
4/4/2020,2.0334,-0.1132,-0.5121,0.9782,-15.3813
4/3/2020,-0.1132,4.1578,-1.6453,2.0331,-20.6662
4/2/2020,4.1575,2.0846,9.0436,4.9096,51.2596
4/1/2020,2.1075,0.5524,1.0508,-1.2333,12.4277
3/31/2020,0.5373,5.5174,0.3118,4.4153,-16.4655
3/30/2020,5.5174,-4.4115,2.2620,0.1442,26.8218
3/29/2020,-4.4188,-0.5465,-0.7085,-0.5100,-22.3490
3/28/2020,-0.5389,-4.7984,-5.8940,-4.2795,15.6766
3/27/2020,-4.7984,1.6902,1.2714,-1.9448,2.6539
3/26/2020,1.6977,-1.8111,-1.8748,0.4735,-26.6667
3/25/2020,-1.8396,1.9044,-0.7138,0.2940,-10.8856
3/24/2020,1.9115,11.0567,4.3599,10.3744,-5.3110
3/23/2020,11.1184,-7.6401,0.0511,-0.9640,13.3465
3/22/2020,-7.6708,-0.5476,-0.3422,-3.6822,-6.4815
3/21/2020,-0.5551,-1.5580,-9.5621,6.7248,-30.3046
3/20/2020,-1.5580,15.0051,7.6569,2.1455,14.6832
3/19/2020,14.9953,1.5610,19.6251,4.9292,30.9302
3/18/2020,1.4734,4.4030,-2.2305,0.4468,-4.7619
3/17/2020,4.5397,-10.6876,-3.0391,7.0578,-32.6957
3/16/2020,-10.7197,1.3695,-5.8654,-15.2898,53.3918
3/15/2020,1.3530,-8.4689,-1.8205,-0.2804,-2.1990
3/14/2020,-8.4335,24.2421,-3.0822,37.0282,-55.7990
3/13/2020,24.1798,-44.5598,-28.9355,-13.9356,13.4367
3/12/2020,-44.5472,-3.0108,-3.7249,-43.5465,151.6933
3/11/2020,-2.9817,-1.1189,-1.2936,-7.1469,-2.7892
3/10/2020,-1.1289,1.8423,-1.2534,2.8522,-27.7502
3/9/2020,1.8528,-16.0514,-12.2503,-3.0400,22.2536
3/8/2020,-16.0796,-3.0914,-5.6649,-16.9544,46.5089
3/7/2020,-3.0951,7.1829,2.6819,4.0227,-4.7351
3/6/2020,7.2007,1.8274,4.7102,1.5022,-0.4489
3/5/2020,1.8139,0.1876,2.3179,1.6309,21.6382
3/4/2020,0.1965,-3.4325,-1.5966,0.1815,-20.7251
3/3/2020,-3.4200,6.3957,-0.7983,1.9008,1.9868
3/2/2020,6.3673,0.2069,2.9898,1.5164,5.5329
3/1/2020,0.2161,-4.1553,-2.3318,-2.0374,5.0796
2/29/2020,-4.1467,-0.2900,-0.7163,1.3801,-32.2273
2/28/2020,-0.2637,1.4712,-1.4786,1.9538,-16.3718
2/27/2020,1.4400,-9.1793,-4.7910,-2.7866,-2.4365
2/26/2020,-9.1756,-7.0248,-6.0563,-11.9471,45.4948
2/25/2020,-7.0356,-3.3088,-3.8438,-4.8034,1.7535
2/24/2020,-3.3015,4.9952,0.5485,-1.1828,24.4389
2/23/2020,4.9992,-1.3163,3.2207,1.6617,19.7015
2/22/2020,-1.3089,3.0390,-0.4070,1.1096,-23.2532
2/21/2020,2.9993,-0.6755,1.3549,3.1202,-20.8881
2/20/2020,-0.6676,-8.2386,-7.5346,-2.9226,6.3102
2/19/2020,-8.1981,5.4611,0.0560,-2.0902,-14.0373
2/18/2020,5.4665,2.9971,6.3848,7.1001,-5.7009
2/17/2020,2.9386,-1.8688,-1.9576,1.7739,3.1829
2/16/2020,-1.8424,-7.1186,-4.9040,-9.3580,11.5004
2/15/2020,-7.1446,6.1256,0.5553,0.6404,11.3557
2/14/2020,6.1395,1.1747,3.2265,1.4353,-20.1996
2/13/2020,1.1936,12.1816,0.9095,8.6005,5.2963
2/12/2020,12.1727,6.1945,15.2047,8.4823,36.8028
2/11/2020,6.1942,-2.4802,4.0693,0.5529,5.3939
2/10/2020,-2.4673,2.4101,-0.4775,-2.7122,15.5462
2/9/2020,2.4011,-0.1074,1.2437,4.3602,-10.6383
2/8/2020,-0.1253,4.8417,1.3450,0.2862,-4.4830
2/7/2020,4.8555,4.5673,3.8817,5.8870,1.7640
2/6/2020,4.5773,7.8861,4.1588,6.9213,12.0654
2/5/2020,7.8865,-0.4531,8.3716,-0.3546,26.9031
2/4/2020,-0.4531,0.7003,-1.7648,0.9457,-3.2636
2/3/2020,0.6844,2.6691,0.8642,4.2732,-17.8129
2/2/2020,2.6465,2.0569,4.9302,0.0725,9.8187
2/1/2020,2.0733,-2.5569,-0.8079,2.2227,12.4894
1/31/2020,-2.5353,6.1774,-0.5836,2.4883,-9.6006
1/30/2020,6.1716,-1.0923,4.6802,-1.4733,15.5280
1/29/2020,-1.0698,3.2360,1.3348,2.0497,-10.7680
1/28/2020,3.2125,1.4055,2.3783,2.9133,0.7177
1/27/2020,1.4116,4.6820,2.3631,3.6979,27.6986
1/26/2020,4.6497,-1.3287,3.2448,1.0642,1.9730
1/25/2020,-1.2981,-0.1474,-0.9436,1.4263,-35.2823
1/24/2020,-0.1536,-3.1817,-2.3655,-2.5848,0.1346
1/23/2020,-3.1702,-0.7438,-1.7633,-3.8570,31.5044
1/22/2020,-0.7556,1.5221,0.8717,0.3987,-1.9097
1/21/2020,1.5221,-0.0300,0.3250,2.4256,1.9469
1/20/2020,-0.0300,-4.1626,-4.7983,-0.2654,-28.6616
1/19/2020,-4.1736,2.3446,-0.8478,-1.9959,-9.0700
1/18/2020,2.3323,3.5221,3.0639,1.8542,-6.1928
1/17/2020,3.5653,-1.2317,4.0555,2.0430,14.3473
1/16/2020,-1.2556,0.2228,0.4386,-0.4132,-2.5210
1/15/2020,0.2288,15.6557,-1.9325,11.2473,-27.0897
1/14/2020,15.6476,-1.9863,15.5648,0.6660,122.7096
1/13/2020,-1.9528,2.6989,0.2799,0.4507,2.4975
1/12/2020,2.6565,-1.4916,-0.8261,-0.1617,-19.6629
1/11/2020,-1.4778,4.9880,1.9467,4.8198,-6.8063
1/10/2020,4.9956,-2.0384,2.3023,-0.1178,17.4868
1/9/2020,-2.0524,-1.5453,-4.0325,-1.2790,-16.9949
1/8/2020,-1.5590,-0.7495,1.6675,-1.1564,0.9573
1/7/2020,-0.7218,6.2689,0.5961,2.9962,-5.4318
1/6/2020,6.2615,0.9455,4.2941,0.6328,17.8015
1/5/2020,0.9380,0.0149,2.0358,1.1751,9.2294
1/4/2020,0.0447,5.5901,0.5265,5.3233,-28.7811
1/3/2020,5.5665,-2.7228,3.1276,-0.5444,36.8559
1/2/2020,-2.7228,1.1919,-1.6545,-1.6070,10.6280
1/1/2020,1.1919,-2.0171,-0.4194,0.4210,-19.7052
12/31/2019,-1.9874,-1.8824,-1.9316,-2.0167,3.3681
12/30/2019,-1.9122,4.7137,-1.1471,2.5378,-20.5226
12/29/2019,4.7137,1.5427,6.1744,1.3415,29.3487
12/28/2019,1.5347,0.3812,2.1174,2.2731,-0.9796
12/27/2019,0.3812,0.5430,-3.8450,-1.0841,-21.2219
12/26/2019,0.5509,-2.1945,3.0818,0.2818,17.5359
12/25/2019,-2.1945,-0.0156,-1.2330,-2.2743,15.6469
12/24/2019,-0.0234,-3.1241,-3.8171,0.4109,-22.3354
12/23/2019,-3.1092,3.5969,1.4131,-0.4249,7.7542
12/22/2019,3.5891,-0.8392,3.2999,0.1892,41.8050
12/21/2019,-0.8469,0.2102,-0.6710,0.4275,-21.5622
12/20/2019,0.2180,-3.3928,-3.1665,0.1507,-13.5724
12/19/2019,-3.3855,8.9055,-0.0224,7.6660,-29.7084
12/18/2019,8.8973,-8.0735,0.7295,-2.8931,18.7207
12/17/2019,-8.0735,-6.8537,-6.8581,-7.9160,-3.1818
12/16/2019,-6.8407,0.3661,-0.7785,-6.6287,55.6145
12/15/2019,0.3520,-2.0145,-0.8955,-0.7779,1.4350
12/14/2019,-2.0212,-0.0621,-0.1788,-1.4703,1.8265
12/13/2019,-0.0483,1.0661,-0.2675,2.5071,-10.4661
12/12/2019,1.0592,-1.6246,-0.5117,-1.7751,11.8939
12/11/2019,-1.6111,-1.3524,-1.2864,-1.3565,-1.7086
12/10/2019,-1.3660,-2.1764,-2.1549,-1.7209,14.9948
12/9/2019,-2.1764,1.9696,-0.3088,-0.0476,4.2026
12/8/2019,1.9490,-0.4232,1.6426,-0.3050,14.4266
12/7/2019,-0.4097,0.1210,0.2678,0.3605,-7.5257
12/6/2019,0.1345,1.9960,0.1878,1.6386,-12.2122
12/5/2019,1.9892,-1.3666,-1.2846,0.4793,-22.2568
12/4/2019,-1.3733,-0.7254,0.7875,-1.7808,47.1936
12/3/2019,-0.7187,-1.4365,-1.1805,-0.6306,-4.9020
12/2/2019,-1.4235,-0.5726,-0.4595,0.8410,-7.3663
12/1/2019,-0.5989,-1.7080,-1.8429,-2.7850,12.7418
11/30/2019,-1.6823,2.3168,-1.3226,-0.1261,-16.2059
11/29/2019,2.3036,-1.0739,1.6744,0.6212,8.5921
11/28/2019,-1.0675,3.4621,-0.4825,5.4964,-27.5862
11/27/2019,3.4483,1.1791,3.7514,-1.4788,23.0627
11/26/2019,1.1720,3.7701,-0.9586,9.3034,-39.7108
11/25/2019,3.7253,-7.7922,-1.2921,-5.7300,57.8578
